address_gu,gu_pop_ratio,gu_area,gu_density,year,month
중구,1.3,2.83,15523,2020,5
서구,3.2,13.98,7849,2020,5
동구,2.7,9.87,9321,2020,5
영도구,3.4,14.2,8272,2020,5
부산진구,10.4,29.67,12132,2020,5
동래구,7.9,16.63,16465,2020,5
남구,8.0,26.82,10350,2020,5
북구,8.4,39.37,7405,2020,5
해운대구,11.9,51.47,7971,2020,5
사하구,9.3,41.77,7732,2020,5
금정구,7.0,65.27,3694,2020,5
강서구,3.9,181.49,752,2020,5
연제구,6.1,12.1,17449,2020,5
수영구,5.2,10.21,17505,2020,5
사상구,6.4,36.09,6137,2020,5
기장군,4.9,218.3,780,2020,5
중구,1.3,2.83,15489,2020,6
서구,3.2,13.98,7856,2020,6
동구,2.7,9.87,9321,2020,6
영도구,3.4,14.2,8252,2020,6
부산진구,10.4,29.67,12137,2020,6
동래구,7.9,16.63,16463,2020,6
남구,8.0,26.82,10318,2020,6
북구,8.4,39.37,7402,2020,6
해운대구,11.8,51.47,7952,2020,6
사하구,9.3,41.77,7719,2020,6
금정구,7.0,65.27,3687,2020,6
강서구,4.0,181.49,754,2020,6
연제구,6.1,12.1,17429,2020,6
수영구,5.2,10.21,17493,2020,6
사상구,6.4,36.09,6120,2020,6
기장군,5.0,218.3,785,2020,6
중구,1.3,2.83,15449,2020,7
서구,3.2,13.98,7860,2020,7
동구,2.7,9.87,9319,2020,7
영도구,3.4,14.2,8232,2020,7
부산진구,10.4,29.67,12139,2020,7
동래구,7.9,16.63,16459,2020,7
남구,8.0,26.82,10295,2020,7
북구,8.4,39.37,7387,2020,7
해운대구,11.8,51.47,7941,2020,7
사하구,9.3,41.77,7707,2020,7
금정구,7.0,65.27,3677,2020,7
강서구,4.0,181.49,755,2020,7
연제구,6.1,12.1,17398,2020,7
수영구,5.2,10.21,17503,2020,7
사상구,6.4,36.09,6109,2020,7
기장군,5.0,218.3,789,2020,7
중구,1.3,2.83,15449,2020,8
서구,3.2,13.98,7859,2020,8
동구,2.7,9.87,9319,2020,8
영도구,3.4,14.2,8222,2020,8
부산진구,10.4,29.67,12153,2020,8
동래구,7.9,16.63,16464,2020,8
남구,8.0,26.82,10275,2020,8
북구,8.4,39.37,7370,2020,8
해운대구,11.8,51.47,7939,2020,8
사하구,9.3,41.77,7693,2020,8
금정구,6.9,65.27,3661,2020,8
강서구,4.0,181.49,756,2020,8
연제구,6.1,12.1,17383,2020,8
수영구,5.2,10.21,17479,2020,8
사상구,6.4,36.09,6096,2020,8
기장군,5.0,218.3,795,2020,8
중구,1.3,2.83,15439,2020,9
서구,3.2,13.98,7846,2020,9
동구,2.7,9.87,9312,2020,9
영도구,3.4,14.2,8203,2020,9
부산진구,10.5,29.67,12155,2020,9
동래구,7.9,16.63,16441,2020,9
남구,8.0,26.82,10253,2020,9
북구,8.4,39.37,7347,2020,9
해운대구,11.8,51.47,7923,2020,9
사하구,9.3,41.77,7669,2020,9
금정구,6.9,65.27,3652,2020,9
강서구,4.0,181.49,763,2020,9
연제구,6.1,12.1,17449,2020,9
수영구,5.2,10.21,17497,2020,9
사상구,6.4,36.09,6079,2020,9
기장군,5.1,218.3,799,2020,9
중구,1.3,2.83,15422,2020,10
서구,3.2,13.98,7841,2020,10
동구,2.7,9.87,9285,2020,10
영도구,3.4,14.2,8184,2020,10
부산진구,10.5,29.67,12148,2020,10
동래구,7.9,16.63,16429,2020,10
남구,8.0,26.82,10247,2020,10
북구,8.4,39.37,7333,2020,10
해운대구,11.8,51.47,7916,2020,10
사하구,9.3,41.77,7644,2020,10
금정구,6.9,65.27,3649,2020,10
강서구,4.1,181.49,773,2020,10
연제구,6.1,12.1,17466,2020,10
수영구,5.2,10.21,17529,2020,10
사상구,6.3,36.09,6066,2020,10
기장군,5.1,218.3,801,2020,10
중구,1.3,2.83,15322,2021,5
서구,3.2,13.96,7769,2021,5
동구,2.6,9.86,9154,2021,5
영도구,3.3,14.2,7972,2021,5
부산진구,10.5,29.67,12134,2021,5
동래구,7.9,16.63,16249,2021,5
남구,7.9,26.82,10090,2021,5
북구,8.3,39.37,7222,2021,5
해운대구,11.8,51.5,7855,2021,5
사하구,9.2,41.77,7494,2021,5
금정구,6.9,65.26,3588,2021,5
강서구,4.2,181.49,795,2021,5
연제구,6.1,12.1,17183,2021,5
수영구,5.2,10.21,17430,2021,5
사상구,6.3,36.1,5969,2021,5
기장군,5.2,218.3,817,2021,5
중구,1.3,2.83,15271,2021,6
서구,3.2,13.96,7769,2021,6
동구,2.6,9.86,9142,2021,6
영도구,3.3,14.2,7984,2021,6
부산진구,10.5,29.67,12117,2021,6
동래구,7.9,16.63,16225,2021,6
남구,7.9,26.82,10069,2021,6
북구,8.4,39.37,7249,2021,6
해운대구,11.8,51.5,7843,2021,6
사하구,9.2,41.77,7479,2021,6
금정구,6.8,65.26,3580,2021,6
강서구,4.2,181.49,798,2021,6
연제구,6.1,12.1,17146,2021,6
수영구,5.2,10.21,17408,2021,6
사상구,6.3,36.1,5959,2021,6
기장군,5.2,218.3,817,2021,6
중구,1.2,2.83,15060,2021,7
서구,3.2,13.96,7764,2021,7
동구,2.6,9.86,9126,2021,7
영도구,3.3,14.2,7994,2021,7
부산진구,10.5,29.67,12096,2021,7
동래구,7.9,16.63,16211,2021,7
남구,7.9,26.82,10048,2021,7
북구,8.4,39.37,7261,2021,7
해운대구,11.8,51.5,7838,2021,7
사하구,9.1,41.77,7466,2021,7
금정구,6.8,65.26,3572,2021,7
강서구,4.3,181.49,800,2021,7
연제구,6.1,12.1,17122,2021,7
수영구,5.2,10.21,17392,2021,7
사상구,6.3,36.1,5950,2021,7
기장군,5.2,218.3,818,2021,7
중구,1.3,2.83,15100,2021,8
서구,3.2,13.96,7756,2021,8
동구,2.6,9.86,9109,2021,8
영도구,3.3,14.2,7987,2021,8
부산진구,10.5,29.67,12077,2021,8
동래구,7.9,16.63,16186,2021,8
남구,7.9,26.82,10033,2021,8
북구,8.4,39.37,7263,2021,8
해운대구,11.8,51.5,7830,2021,8
사하구,9.1,41.77,7449,2021,8
금정구,6.8,65.26,3570,2021,8
강서구,4.3,181.49,803,2021,8
연제구,6.1,12.1,17096,2021,8
수영구,5.2,10.21,17377,2021,8
사상구,6.3,36.1,5939,2021,8
기장군,5.2,218.3,819,2021,8
중구,1.3,2.83,15112,2021,9
서구,3.2,13.96,7735,2021,9
동구,2.6,9.86,9087,2021,9
영도구,3.3,14.2,7971,2021,9
부산진구,10.5,29.67,12062,2021,9
동래구,7.9,16.63,16166,2021,9
남구,7.9,26.82,10015,2021,9
북구,8.4,39.37,7267,2021,9
해운대구,11.8,51.5,7820,2021,9
사하구,9.1,41.77,7449,2021,9
금정구,6.8,65.26,3568,2021,9
강서구,4.3,181.49,805,2021,9
연제구,6.1,12.1,17076,2021,9
수영구,5.2,10.21,17387,2021,9
사상구,6.3,36.1,5924,2021,9
기장군,5.3,218.3,819,2021,9
중구,1.3,2.83,15110,2021,10
서구,3.2,13.96,7721,2021,10
동구,2.6,9.86,9089,2021,10
영도구,3.3,14.2,7960,2021,10
부산진구,10.5,29.67,12055,2021,10
동래구,7.9,16.63,16151,2021,10
남구,7.9,26.82,10018,2021,10
북구,8.4,39.37,7268,2021,10
해운대구,11.8,51.5,7817,2021,10
사하구,9.1,41.77,7448,2021,10
금정구,6.9,65.26,3578,2021,10
강서구,4.3,181.49,808,2021,10
연제구,6.1,12.1,17073,2021,10
수영구,5.2,10.21,17389,2021,10
사상구,6.3,36.1,5926,2021,10
기장군,5.3,218.3,819,2021,10
중구,1.3,2.83,15114,2022,5
서구,3.1,13.95,7596,2022,5
동구,2.7,9.87,9150,2022,5
영도구,3.3,14.2,7835,2022,5
부산진구,10.4,29.67,11921,2022,5
동래구,8.1,16.63,16544,2022,5
남구,7.9,26.82,9920,2022,5
북구,8.4,39.37,7187,2022,5
해운대구,11.8,51.54,7721,2022,5
사하구,9.1,41.77,7415,2022,5
금정구,6.8,65.28,3510,2022,5
강서구,4.4,181.5,816,2022,5
연제구,6.1,12.1,17156,2022,5
수영구,5.2,10.22,17255,2022,5
사상구,6.2,36.1,5841,2022,5
기장군,5.3,218.32,818,2022,5
중구,1.3,2.83,15081,2022,6
서구,3.1,13.95,7588,2022,6
동구,2.7,9.87,9149,2022,6
영도구,3.3,14.2,7840,2022,6
부산진구,10.4,29.67,11920,2022,6
동래구,8.1,16.63,16547,2022,6
남구,7.8,26.82,9906,2022,6
북구,8.4,39.37,7182,2022,6
해운대구,11.7,51.54,7701,2022,6
사하구,9.1,41.77,7412,2022,6
금정구,6.8,65.28,3505,2022,6
강서구,4.4,181.5,818,2022,6
연제구,6.1,12.1,17143,2022,6
수영구,5.2,10.22,17260,2022,6
사상구,6.2,36.1,5834,2022,6
기장군,5.3,218.32,819,2022,6
중구,1.3,2.83,15086,2022,7
서구,3.1,13.95,7627,2022,7
동구,2.7,9.87,9137,2022,7
영도구,3.3,14.2,7839,2022,7
부산진구,10.5,29.67,11920,2022,7
동래구,8.1,16.63,16577,2022,7
남구,7.8,26.82,9887,2022,7
북구,8.4,39.37,7179,2022,7
해운대구,11.7,51.54,7686,2022,7
사하구,9.1,41.77,7402,2022,7
금정구,6.7,65.28,3497,2022,7
강서구,4.4,181.5,818,2022,7
연제구,6.1,12.1,17112,2022,7
수영구,5.2,10.22,17269,2022,7
사상구,6.2,36.1,5825,2022,7
기장군,5.3,218.32,823,2022,7
중구,1.3,2.83,15051,2022,8
서구,3.2,13.95,7657,2022,8
동구,2.7,9.87,9113,2022,8
영도구,3.3,14.2,7836,2022,8
부산진구,10.5,29.67,11935,2022,8
동래구,8.2,16.63,16594,2022,8
남구,7.8,26.82,9864,2022,8
북구,8.4,39.37,7172,2022,8
해운대구,11.7,51.54,7676,2022,8
사하구,9.1,41.77,7392,2022,8
금정구,6.7,65.28,3488,2022,8
강서구,4.4,181.5,819,2022,8
연제구,6.1,12.1,17092,2022,8
수영구,5.2,10.22,17268,2022,8
사상구,6.2,36.1,5811,2022,8
기장군,5.3,218.32,823,2022,8
중구,1.3,2.83,15002,2022,9
서구,3.2,13.95,7708,2022,9
동구,2.7,9.87,9098,2022,9
영도구,3.3,14.2,7824,2022,9
부산진구,10.5,29.67,11944,2022,9
동래구,8.2,16.63,16586,2022,9
남구,7.8,26.82,9848,2022,9
북구,8.4,39.37,7169,2022,9
해운대구,11.7,51.54,7657,2022,9
사하구,9.1,41.77,7381,2022,9
금정구,6.7,65.28,3484,2022,9
강서구,4.4,181.5,818,2022,9
연제구,6.1,12.1,17061,2022,9
수영구,5.2,10.22,17257,2022,9
사상구,6.2,36.1,5795,2022,9
기장군,5.3,218.32,824,2022,9
중구,1.3,2.83,14935,2022,10
서구,3.2,13.95,7707,2022,10
동구,2.6,9.87,9039,2022,10
영도구,3.3,14.2,7804,2022,10
부산진구,10.5,29.67,11925,2022,10
동래구,8.2,16.63,16558,2022,10
남구,7.8,26.82,9821,2022,10
북구,8.4,39.37,7165,2022,10
해운대구,11.7,51.54,7628,2022,10
사하구,9.1,41.77,7361,2022,10
금정구,6.7,65.28,3485,2022,10
강서구,4.4,181.5,817,2022,10
연제구,6.1,12.1,17009,2022,10
수영구,5.2,10.22,17228,2022,10
사상구,6.2,36.1,5779,2022,10
기장군,5.3,218.32,826,2022,10
중구,1.2,2.83,14802,2023,5
서구,3.2,13.95,7669,2023,5
동구,2.6,9.87,8897,2023,5
영도구,3.3,14.2,7715,2023,5
부산진구,10.7,29.67,12146,2023,5
동래구,8.2,16.63,16493,2023,5
남구,7.8,26.82,9783,2023,5
북구,8.3,39.37,7098,2023,5
해운대구,11.6,51.54,7555,2023,5
사하구,9.1,41.77,7334,2023,5
금정구,6.7,65.28,3432,2023,5
강서구,4.4,181.5,817,2023,5
연제구,6.1,12.1,16866,2023,5
수영구,5.3,10.22,17345,2023,5
사상구,6.2,36.1,5778,2023,5
기장군,5.4,218.32,832,2023,5
중구,1.2,2.83,14746,2023,6
서구,3.2,13.95,7661,2023,6
동구,2.6,9.87,8890,2023,6
영도구,3.3,14.2,7705,2023,6
부산진구,10.7,29.67,12153,2023,6
동래구,8.2,16.63,16480,2023,6
남구,7.8,26.82,9779,2023,6
북구,8.3,39.37,7088,2023,6
해운대구,11.6,51.54,7550,2023,6
사하구,9.1,41.77,7329,2023,6
금정구,6.7,65.28,3426,2023,6
강서구,4.4,181.5,818,2023,6
연제구,6.1,12.1,16861,2023,6
수영구,5.3,10.22,17355,2023,6
사상구,6.2,36.1,5778,2023,6
기장군,5.4,218.32,833,2023,6
중구,1.2,2.83,14747,2023,7
서구,3.2,13.95,7653,2023,7
동구,2.7,9.87,9026,2023,7
영도구,3.3,14.2,7694,2023,7
부산진구,10.7,29.67,12144,2023,7
동래구,8.2,16.63,16469,2023,7
남구,7.8,26.82,9766,2023,7
북구,8.3,39.37,7081,2023,7
해운대구,11.6,51.54,7537,2023,7
사하구,9.1,41.77,7320,2023,7
금정구,6.6,65.28,3419,2023,7
강서구,4.4,181.5,819,2023,7
연제구,6.1,12.1,16854,2023,7
수영구,5.3,10.22,17362,2023,7
사상구,6.2,36.1,5769,2023,7
기장군,5.4,218.32,833,2023,7
중구,1.2,2.83,14716,2023,8
서구,3.2,13.95,7646,2023,8
동구,2.7,9.87,9123,2023,8
영도구,3.3,14.2,7710,2023,8
부산진구,10.7,29.67,12139,2023,8
동래구,8.2,16.63,16456,2023,8
남구,7.8,26.82,9750,2023,8
북구,8.3,39.37,7072,2023,8
해운대구,11.6,51.54,7531,2023,8
사하구,9.1,41.77,7309,2023,8
금정구,6.6,65.28,3411,2023,8
강서구,4.4,181.5,819,2023,8
연제구,6.1,12.1,16864,2023,8
수영구,5.3,10.22,17354,2023,8
사상구,6.2,36.1,5766,2023,8
기장군,5.4,218.32,833,2023,8
중구,1.2,2.83,14658,2023,9
서구,3.2,13.95,7651,2023,9
동구,2.7,9.87,9161,2023,9
영도구,3.3,14.2,7707,2023,9
부산진구,10.7,29.67,12137,2023,9
동래구,8.2,16.63,16446,2023,9
남구,7.8,26.82,9737,2023,9
북구,8.3,39.37,7056,2023,9
해운대구,11.5,51.54,7518,2023,9
사하구,9.1,41.77,7296,2023,9
금정구,6.6,65.28,3402,2023,9
강서구,4.4,181.5,819,2023,9
연제구,6.1,12.1,16856,2023,9
수영구,5.3,10.22,17360,2023,9
사상구,6.2,36.1,5785,2023,9
기장군,5.4,218.32,833,2023,9
중구,1.2,2.83,14614,2023,10
서구,3.2,13.95,7650,2023,10
동구,2.7,9.87,9165,2023,10
영도구,3.3,14.2,7701,2023,10
부산진구,10.8,29.67,12176,2023,10
동래구,8.1,16.63,16428,2023,10
남구,7.8,26.82,9728,2023,10
북구,8.3,39.37,7038,2023,10
해운대구,11.5,51.54,7512,2023,10
사하구,9.1,41.77,7289,2023,10
금정구,6.6,65.28,3404,2023,10
강서구,4.4,181.5,820,2023,10
연제구,6.1,12.1,16854,2023,10
수영구,5.3,10.22,17333,2023,10
사상구,6.2,36.1,5806,2023,10
기장군,5.4,218.32,833,2023,10
중구,1.2,3.01,13644,2024,5
서구,3.2,13.98,7584,2024,5
동구,2.7,10.12,8851,2024,5
영도구,3.2,14.2,7643,2024,5
부산진구,10.9,29.67,12285,2024,5
동래구,8.1,16.63,16251,2024,5
남구,7.9,26.82,9800,2024,5
북구,8.2,39.37,6954,2024,5
해운대구,11.5,51.54,7429,2024,5
사하구,9.0,41.78,7195,2024,5
금정구,6.5,65.28,3345,2024,5
강서구,4.4,182.16,816,2024,5
연제구,6.4,12.11,17586,2024,5
수영구,5.2,10.22,17176,2024,5
사상구,6.2,36.11,5760,2024,5
기장군,5.4,218.33,826,2024,5
중구,1.2,3.01,13559,2024,6
서구,3.2,13.98,7581,2024,6
동구,2.7,10.12,8832,2024,6
영도구,3.2,14.2,7629,2024,6
부산진구,10.9,29.67,12291,2024,6
동래구,8.1,16.63,16251,2024,6
남구,7.9,26.82,9798,2024,6
북구,8.2,39.37,6948,2024,6
해운대구,11.4,51.54,7419,2024,6
사하구,9.0,41.78,7184,2024,6
금정구,6.5,65.28,3341,2024,6
강서구,4.5,182.16,818,2024,6
연제구,6.4,12.11,17602,2024,6
수영구,5.2,10.22,17163,2024,6
사상구,6.2,36.11,5755,2024,6
기장군,5.4,218.33,826,2024,6
중구,1.2,3.01,13549,2024,7
서구,3.2,13.98,7572,2024,7
동구,2.7,10.12,8817,2024,7
영도구,3.2,14.2,7615,2024,7
부산진구,10.9,29.67,12308,2024,7
동래구,8.1,16.63,16266,2024,7
남구,7.9,26.82,9805,2024,7
북구,8.2,39.37,6938,2024,7
해운대구,11.4,51.54,7413,2024,7
사하구,9.0,41.78,7173,2024,7
금정구,6.5,65.28,3333,2024,7
강서구,4.5,182.16,818,2024,7
연제구,6.4,12.11,17606,2024,7
수영구,5.2,10.22,17149,2024,7
사상구,6.2,36.11,5745,2024,7
기장군,5.4,218.33,825,2024,7
중구,1.2,3.01,13546,2024,8
서구,3.2,13.98,7564,2024,8
동구,2.7,10.12,8809,2024,8
영도구,3.2,14.2,7593,2024,8
부산진구,10.9,29.67,12304,2024,8
동래구,8.1,16.63,16263,2024,8
남구,7.9,26.82,9802,2024,8
북구,8.2,39.37,6925,2024,8
해운대구,11.5,51.54,7420,2024,8
사하구,9.0,41.78,7163,2024,8
금정구,6.5,65.28,3322,2024,8
강서구,4.5,182.16,820,2024,8
연제구,6.4,12.11,17616,2024,8
수영구,5.2,10.22,17129,2024,8
사상구,6.2,36.11,5733,2024,8
기장군,5.4,218.33,824,2024,8
중구,1.2,3.01,13499,2024,9
서구,3.2,13.98,7570,2024,9
동구,2.7,10.12,8788,2024,9
영도구,3.2,14.2,7578,2024,9
부산진구,10.9,29.67,12299,2024,9
동래구,8.1,16.63,16260,2024,9
남구,7.9,26.82,9785,2024,9
북구,8.2,39.37,6913,2024,9
해운대구,11.5,51.54,7422,2024,9
사하구,9.0,41.78,7149,2024,9
금정구,6.5,65.28,3313,2024,9
강서구,4.5,182.16,823,2024,9
연제구,6.4,12.11,17618,2024,9
수영구,5.2,10.22,17119,2024,9
사상구,6.2,36.11,5721,2024,9
기장군,5.4,218.33,823,2024,9
중구,1.2,3.01,13469,2024,10
서구,3.2,13.98,7591,2024,10
동구,2.7,10.12,8771,2024,10
영도구,3.2,14.2,7563,2024,10
부산진구,10.9,29.67,12298,2024,10
동래구,8.1,16.63,16267,2024,10
남구,7.9,26.82,9791,2024,10
북구,8.2,39.37,6905,2024,10
해운대구,11.5,51.54,7421,2024,10
사하구,8.9,41.78,7140,2024,10
금정구,6.5,65.28,3317,2024,10
강서구,4.5,182.16,823,2024,10
연제구,6.4,12.11,17634,2024,10
수영구,5.2,10.22,17106,2024,10
사상구,6.2,36.11,5719,2024,10
기장군,5.4,218.33,822,2024,10
