영화명,장르,개봉연도,관객수,스크린수,배급사,예산,국내매출액,세계매출액
어벤져스: 엔드게임,Action Adventure Sci-Fi,2019,13934592,2835,월트디즈니컴퍼니코리아유한책임회사,356000000.0,104816668.5,2799439100
겨울왕국 2,Adventure Animation Comedy Drama Family Fantasy Musical,2019,13747792,2648,월트디즈니컴퍼니코리아유한책임회사,150000000.0,98492228.96,1453683476
아바타,Action Adventure Fantasy Sci-Fi,2009,13624328,912,주식회사해리슨앤컴퍼니 이십세기폭스코리아(주),237000000.0,100632323.3,2923710708
알라딘,Adventure Comedy Family Fantasy Musical Romance,2019,12555894,1311,월트디즈니컴퍼니코리아유한책임회사,183000000.0,91777863.87,1054304000
어벤져스: 인피니티 워,Action Adventure Sci-Fi,2018,11211880,2553,월트디즈니컴퍼니코리아유한책임회사,,90815646.38,2052415039
아바타: 물의 길,Action Adventure Fantasy Sci-Fi,2022,10805065,2809,월트디즈니컴퍼니코리아유한책임회사,,106543417.6,2320250281
어벤져스: 에이지 오브 울트론,Action Adventure Sci-Fi,2015,10494499,1843,월트디즈니컴퍼니코리아유한책임회사 월트디즈니컴퍼니코리아(주),250000000.0,78286363.8,1405018048
겨울왕국,Adventure Animation Comedy Family Fantasy Musical,2014,10296101,1010,월트디즈니컴퍼니코리아유한책임회사 소니픽쳐스릴리징월트디즈니스튜디오스코리아(주),150000000.0,78296149.26,1286319131
인터스텔라,Adventure Drama Sci-Fi,2014,10275484,1342,워너브러더스코리아(주),165000000.0,78134342.2,758690230
보헤미안 랩소디,Biography Drama Music,2018,9948386,936,월트디즈니컴퍼니코리아유한책임회사 이십세기폭스코리아(주),52000000.0,78420140.86,910813521
아이언맨 3,Action Adventure Sci-Fi,2013,9001309,1381,소니픽쳐스릴리징월트디즈니스튜디오스코리아(주),200000000.0,64660826.09,1215577205
인사이드 아웃 2,Adventure Animation Comedy Drama Family Fantasy,2024,8799013,2619,월트디즈니컴퍼니코리아유한책임회사,,61866240.14,1698863816
캡틴 아메리카: 시빌 워,Action Sci-Fi,2016,8677249,1991,월트디즈니컴퍼니코리아유한책임회사 월트디즈니컴퍼니코리아(주),250000000.0,62626776.82,1155046416
탑건: 매버릭,Action Drama,2022,8177446,1975,롯데컬처웍스(주)롯데엔터테인먼트,,68002663.42,1495696292
스파이더맨: 파 프롬 홈,Action Adventure Comedy Fantasy Sci-Fi,2019,8021064,2142,소니픽쳐스엔터테인먼트코리아주식회사극장배급지점,160000000.0,59200870.82,1132723226
트랜스포머 3,Action Adventure Comedy Sci-Fi Thriller,2011,7784807,1409,(주)씨제이이엔엠,195000000.0,67539640.02,1123794079
미션임파서블:고스트프로토콜,Action Adventure Thriller,2011,7575899,1038,(주)씨제이이엔엠,145000000.0,52157137.83,694713380
스파이더맨: 노 웨이 홈,Action Adventure Fantasy Sci-Fi,2021,7551990,2948,소니픽쳐스엔터테인먼트코리아주식회사극장배급지점,,65688750.07,1921426073
트랜스포머: 패자의 역습,Action Adventure Sci-Fi,2009,7505700,1129,씨제이엔터테인먼트,200000000.0,40331033.89,836304167
트랜스포머,Action Adventure Sci-Fi,2007,7440531,160,롯데컬처웍스(주)롯데엔터테인먼트 씨제이엔터테인먼트,150000000.0,36079196.0,709709780
스파이더맨: 홈 커밍,Action Adventure Sci-Fi,2017,7258678,1965,소니픽쳐스엔터테인먼트코리아주식회사극장배급지점,175000000.0,52284862.42,880978185
엘리멘탈,Adventure Animation Comedy Family Fantasy Romance,2023,7240110,1251,월트디즈니컴퍼니코리아유한책임회사,,54584633.08,496444308
어벤져스,Action Sci-Fi,2012,7074867,967,월트디즈니컴퍼니코리아유한책임회사 한국소니픽쳐스릴리징브에나비스타영화(주),220000000.0,52852461.67,1520538536
미션 임파서블: 폴아웃,Action Adventure Thriller,2018,6584915,1957,롯데컬처웍스(주)롯데엔터테인먼트,178000000.0,50796530.86,824171374
다크 나이트 라이즈,Action Crime Drama Thriller,2012,6396528,1210,워너브러더스코리아(주),250000000.0,42280687.21,1114976407
킹스맨 : 시크릿 에이전트,Action Adventure Comedy Thriller,2015,6129681,706,이십세기폭스코리아(주),81000000.0,44514467.08,414351546
미션 임파서블: 로그네이션,Action Adventure Thriller,2015,6126488,1202,롯데쇼핑(주)롯데엔터테인먼트,150000000.0,42904547.52,710916403
반지의 제왕 : 왕의 귀환,Adventure Drama Fantasy,2003,5960000,105,워너브러더스코리아(주) 씨제이엔터테인먼트,94000000.0,28770329.0,1138585547
인셉션,Action Adventure Sci-Fi Thriller,2010,5926948,528,(주)디스테이션 워너브러더스코리아(주),160000000.0,38145542.39,839381898
레미제라블,Drama Musical Romance,2012,5911890,696,유니버설픽쳐스인터내셔널코리아(유),61000000.0,38198726.56,442757529
닥터 스트레인지: 대혼돈의 멀티버스,Action Adventure Fantasy Sci-Fi,2022,5884587,2691,월트디즈니컴퍼니코리아유한책임회사,,48491980.18,955775804
캡틴 마블,Action Adventure Sci-Fi,2019,5801069,2100,월트디즈니컴퍼니코리아유한책임회사,160000000.0,44172733.7,1131416446
미션 임파서블 3,Action Adventure Thriller,2006,5740789,134,UIP코리아,150000000.0,37618495.0,398479497
쥬라기 월드: 폴른 킹덤,Action Adventure Sci-Fi,2018,5661128,1972,유니버설픽쳐스인터내셔널코리아(유),170000000.0,45236231.22,1310469037
쥬라기 월드,Action Adventure Sci-Fi,2015,5546792,1290,유니버설픽쳐스인터내셔널코리아(유),150000000.0,42244678.69,1671537444
2012,Action Adventure Sci-Fi,2009,5462953,789,한국소니픽쳐스릴리징브에나비스타영화(주),200000000.0,30879948.81,791217826
앤트맨과 와스프,Action Adventure Comedy Sci-Fi,2018,5447826,1775,월트디즈니컴퍼니코리아유한책임회사,,43140990.32,622674139
닥터 스트레인지,Action Adventure Fantasy Sci-Fi,2016,5446379,1503,월트디즈니컴퍼니코리아(주),165000000.0,40919105.82,677796833
블랙 팬서,Action Adventure Sci-Fi,2018,5398994,1620,월트디즈니컴퍼니코리아유한책임회사,,41702849.79,1349926083
트랜스포머: 사라진 시대,Action Adventure Sci-Fi,2014,5295801,1602,(주)씨제이이엔엠,,41789093.09,441656550
조커,Crime Drama Thriller,2019,5255308,1418,워너브러더스코리아(주),55000000.0,38984191.31,1078958629
월드 워 Z,Action Adventure Horror Sci-Fi,2013,5237525,964,롯데쇼핑(주)롯데엔터테인먼트,190000000.0,35209085.51,540455876
반지의 제왕 : 두 개의 탑,Adventure Drama Fantasy,2002,5183000,79,워너브러더스코리아(주) (주)시네마서비스,93000000.0,21046515.0,888483037
미녀와 야수,Adventure Family Fantasy Musical Romance,2017,5138193,1627,월트디즈니컴퍼니코리아유한책임회사,160000000.0,37257781.45,1266115964
쿵푸팬더 2,Action Adventure Animation Comedy Drama Family Fantasy Thriller,2011,5062722,948,(주)씨제이이엔엠,150000000.0,39976829.47,665692281
아쿠아맨,Action Adventure Fantasy Sci-Fi,2018,5038134,1285,워너브러더스코리아(주),,40094394.59,1152028393
인사이드 아웃,Adventure Animation Comedy Drama Family Fantasy,2015,4969735,777,월트디즈니컴퍼니코리아(주),175000000.0,33604969.37,859076254
캐리비안의 해적: 세상의 끝에서,Action Adventure Fantasy,2007,4966571,244,한국소니픽쳐스릴리징브에나비스타영화(주),300000000.0,31568003.0,961691209
킹스맨: 골든 서클,Action Adventure Comedy Crime Thriller,2017,4945484,1687,이십세기폭스코리아(주),104000000.0,36245167.08,410902662
스파이더맨 3,Action Adventure Sci-Fi,2007,4935660,198,한국소니픽쳐스릴리징브에나비스타영화(주),258000000.0,33960701.0,891697618
더 퍼스트 슬램덩크,Animation Comedy Drama Sport,2023,4903225,1023,(주)넥스트엔터테인먼트월드(NEW),,39369077.0,246880077
마션,Adventure Drama Sci-Fi,2015,4880800,1132,월트디즈니컴퍼니코리아유한책임회사 이십세기폭스코리아(주),108000000.0,35052977.67,630621406
토르: 라그나로크,Action Adventure Comedy Fantasy Sci-Fi,2017,4857152,1640,월트디즈니컴퍼니코리아유한책임회사,180000000.0,34707326.05,855301806
어메이징 스파이더맨,Action Sci-Fi,2012,4853123,1118,한국소니픽쳐스릴리징브에나비스타영화(주),230000000.0,36529458.8,758725893
라이온 킹,Adventure Animation Drama Family Musical,2019,4743184,1936,월트디즈니컴퍼니코리아유한책임회사,45000000.0,35617817.44,979161373
주토피아,Action Adventure Animation Comedy Crime Family Mystery,2016,4703245,661,월트디즈니컴퍼니코리아(주),,31952295.8,1025521689
엣지 오브 투모로우,Action Adventure Sci-Fi,2014,4699208,801,워너브러더스코리아(주),178000000.0,36774969.81,381055527
쿵푸 팬더,Action Adventure Animation Comedy Family Fantasy,2008,4673009,351,씨제이엔터테인먼트,130000000.0,27130061.85,632384787
신비한 동물사전,Adventure Family Fantasy,2016,4666993,1431,워너브러더스코리아(주),180000000.0,33899744.1,816037575
캐리비안의 해적 : 망자의 함,Action Adventure Fantasy,2006,4628903,129,브에나비스타인터내셔널코리아,225000000.0,26600000.0,1066179747
박물관이 살아있다!,Adventure Comedy Family Fantasy,2006,4612831,86,이십세기폭스코리아(주),,25457705.0,574482479
터미네이터 : 미래전쟁의 시작,Action Adventure Sci-Fi,2009,4568891,704,롯데쇼핑(주)롯데엔터테인먼트,200000000.0,23618115.12,371353001
맘마미아!,Comedy Musical Romance,2008,4554785,457,유니버설픽쳐스인터내셔널코리아(유),52000000.0,26741046.97,706788538
아이언맨 2,Action Sci-Fi,2010,4498335,757,씨제이엔터테인먼트,200000000.0,28680103.35,623933331
해리 포터와 죽음의 성물2,Adventure Family Fantasy Mystery,2011,4400298,757,워너브러더스코리아(주),,31141149.34,1342505340
아이언맨,Action Adventure Sci-Fi,2008,4316003,592,씨제이엔터테인먼트,140000000.0,25142197.34,585796247
엑스맨: 데이즈 오브 퓨처 패스트,Action Adventure Sci-Fi Thriller,2014,4313871,1056,이십세기폭스코리아(주),200000000.0,32904062.63,746045700
킹콩,Action Adventure Romance,2005,4232430,89,UIP코리아,207000000.0,24777357.0,556906378
가디언즈 오브 갤럭시: Volume 3,Action Adventure Comedy Sci-Fi,2023,4208993,1819,월트디즈니컴퍼니코리아유한책임회사,,34034724.01,845555777
어메이징 스파이더맨 2,Action Adventure Sci-Fi,2014,4168350,1312,소니픽쳐스릴리징월트디즈니스튜디오스코리아(주),,33107725.79,716934779
인디아나 존스 4 : 크리스탈 해골의 왕국,Action Adventure,2008,4136101,660,씨제이엔터테인먼트,185000000.0,24139508.84,786636033
미이라 3:황제의 무덤,Action Adventure Fantasy Horror,2008,4090795,527,유니버설픽쳐스인터내셔널코리아(유),145000000.0,23712907.24,403449830
다크 나이트,Action Crime Drama Thriller,2008,4087355,462,주식회사해리슨앤컴퍼니 워너브러더스코리아(주),185000000.0,24470050.56,1009057329
미션 임파서블: 데드 레코닝 PART ONE,Action Adventure Thriller,2023,4021778,2437,롯데컬처웍스(주)롯데엔터테인먼트,291000000.0,31019681.65,571125435
혹성탈출: 반격의 서막,Action Adventure Drama Sci-Fi Thriller,2014,4002560,922,이십세기폭스코리아(주),170000000.0,29922192.46,710644566
해리포터와 비밀의 방,Adventure Family Fantasy Mystery,2002,4000000,89,워너브러더스코리아(주),100000000.0,25361777.0,882767796
쿵푸팬더3,Action Adventure Animation Comedy Family Fantasy,2016,3984812,1365,(주)씨제이이엔엠,145000000.0,27008616.13,521170825
캡틴 아메리카: 윈터 솔져,Action Adventure Sci-Fi Thriller,2014,3963220,1106,월트디즈니컴퍼니코리아유한책임회사 소니픽쳐스릴리징월트디즈니스튜디오스코리아(주),170000000.0,30108797.37,714421503
베놈,Action Adventure Sci-Fi,2018,3888096,1308,소니픽쳐스엔터테인먼트코리아주식회사극장배급지점,100000000.0,30993429.8,856085161
트로이,Action Adventure Drama,2004,3851000,90,워너브러더스코리아(주),175000000.0,20400000.0,497409852
매드 맥스: 분노의 도로,Action Adventure Sci-Fi,2015,3842441,799,워너브러더스코리아(주),150000000.0,29081557.96,380437267
데드풀 2,Action Adventure Comedy Sci-Fi,2018,3784602,1576,이십세기폭스코리아(주),110000000.0,31071097.8,785896632
미이라,Action Adventure Fantasy,2017,3689325,1257,유니버설픽쳐스인터내셔널코리아(유),80000000.0,26975248.47,417643286
너의 이름은.,Animation Drama Fantasy Romance,2017,3673885,947,메가박스중앙(주)플러스엠엔터테인먼트,,26143445.72,405340703
분노의 질주: 홉스&쇼,Action Adventure Thriller,2019,3657536,1311,유니버설픽쳐스인터내셔널코리아(유),200000000.0,27659192.74,760732926
분노의 질주: 더 익스트림,Action Crime Thriller,2017,3653238,1469,유니버설픽쳐스인터내셔널코리아(유),250000000.0,26512288.52,1236009236
해리 포터와 불의 잔,Adventure Family Fantasy Mystery,2005,3615000,125,워너브러더스코리아(주),150000000.0,23161873.0,897468207
인턴,Comedy Drama,2015,3610642,496,워너브러더스코리아(주),35000000.0,25203658.04,194764672
라라랜드,Comedy Drama Music Musical Romance,2016,3597519,727,판씨네마(주),30000000.0,25861300.15,509183536
리얼 스틸,Action Drama Sci-Fi Sport,2011,3579666,603,한국소니픽쳐스릴리징브에나비스타영화(주),,23974765.14,299268508
모아나 2,Adventure Animation Comedy Family Fantasy Musical,2024,3550048,1985,월트디즈니컴퍼니코리아유한책임회사,,24007537.14,1059242164
미스터 & 미세스 스미스,Action Comedy Crime Thriller,2005,3546900,103,이십세기폭스필름코퍼레이션,110000000.0,21583459.0,487287646
웡카,Adventure Comedy Family Fantasy Musical,2024,3531468,1753,워너브러더스코리아(주),,24858384.47,634502312
코코,Adventure Animation Drama Family Fantasy Music Mystery,2018,3513114,1177,월트디즈니컴퍼니코리아유한책임회사,,25197492.77,814641172
매트릭스2 리로디드,Action Sci-Fi,2003,3510000,102,워너브러더스코리아(주),150000000.0,14956723.0,741847937
해리 포터와 불사조 기사단,Action Adventure Family Fantasy Mystery,2007,3475000,204,워너브러더스코리아(주),150000000.0,24765134.0,942871730
아일랜드,Action Sci-Fi Thriller,2005,3433900,110,워너브러더스코리아(주),126000000.0,21613170.0,162949164
비긴 어게인,Comedy Drama Music Romance,2014,3428309,213,판씨네마(주),,25735134.89,84862071
토이 스토리 4,Adventure Animation Comedy Family Fantasy,2019,3399913,1336,월트디즈니컴퍼니코리아유한책임회사,200000000.0,24670343.52,1073841394
어바웃 타임,Comedy Drama Fantasy Romance Sci-Fi,2013,3392251,568,유니버설픽쳐스인터내셔널코리아(유),,22814265.69,87100748
다이 하드 4 : 죽어도 산다,Action Thriller,2007,3380800,136,이십세기폭스필름코퍼레이션,110000000.0,21672512.0,388156011
맨 인 블랙 3,Action Adventure Comedy Sci-Fi,2012,3379762,770,한국소니픽쳐스릴리징브에나비스타영화(주),225000000.0,20023998.0,654213485
다빈치 코드,Mystery Thriller,2006,3339082,139,소니픽쳐스릴리징코리아,125000000.0,21959009.0,760200455
슈퍼배드 3,Adventure Animation Comedy Crime Family Sci-Fi,2017,3324861,1057,유니버설픽쳐스인터내셔널코리아(유),80000000.0,22012241.0,1034800131
데드풀,Action Comedy Sci-Fi,2016,3317196,1036,월트디즈니컴퍼니코리아유한책임회사 이십세기폭스코리아(주),58000000.0,23862147.0,782837347
슈렉2,Adventure Animation Comedy Family Fantasy Romance,2004,3300533,85,씨제이엔터테인먼트,150000000.0,18123377.0,932530034
스타워즈: 깨어난 포스,Action Adventure Fantasy Sci-Fi,2015,3273879,940,월트디즈니컴퍼니코리아(주),245000000.0,25070778.0,2071310218
분노의 질주: 더 세븐,Action Thriller,2015,3247955,983,유니버설픽쳐스인터내셔널코리아(유),190000000.0,23391042.0,1515342457
터미네이터 제니시스,Action Adventure Sci-Fi Thriller,2015,3240370,1113,롯데쇼핑(주)롯데엔터테인먼트,155000000.0,23481776.0,440603537
오펜하이머,Biography Drama History,2023,3232774,1636,유니버설픽쳐스인터내셔널코리아(유),,25212307.0,975811333
그래비티,Drama Sci-Fi Thriller,2013,3227452,636,(주)스튜디오디에이치엘 주식회사해리슨앤컴퍼니 워너브러더스코리아(주),100000000.0,28617779.0,723753370
우주전쟁,Action Adventure Sci-Fi,2005,3223000,123,UIP코리아,132000000.0,19311883.0,603873504
캐리비안의 해적: 낯선 조류,Action Adventure Fantasy,2011,3130046,960,한국소니픽쳐스릴리징브에나비스타영화(주),250000000.0,24796364.0,1046721266
나우 유 씨 미 2,Action Adventure Comedy Crime Mystery Thriller,2016,3100113,1200,롯데쇼핑(주)롯데엔터테인먼트,,21718598.0,334897606
이터널스,Action Adventure Fantasy Sci-Fi,2021,3050415,2648,월트디즈니컴퍼니코리아유한책임회사,,27437834.0,402064899
캐리비안의 해적: 죽은 자는 말이 없다,Action Adventure Fantasy,2017,3049894,1357,월트디즈니컴퍼니코리아유한책임회사,230000000.0,22701694.0,795922298
토르: 다크 월드,Action Adventure Fantasy Sci-Fi,2013,3039889,733,소니픽쳐스릴리징월트디즈니스튜디오스코리아(주),170000000.0,20475030.0,644783140
인크레더블 2,Action Adventure Animation Comedy Family Sci-Fi Thriller,2018,3033052,1605,월트디즈니컴퍼니코리아유한책임회사,,22319193.0,1243225667
미키 17,Adventure Comedy Fantasy Sci-Fi,2025,3013500,2153,워너브러더스코리아(주),,20908953.0,133047147
투모로우,Action Adventure Sci-Fi Thriller,2004,3006400,67,이십세기폭스필름코퍼레이션,125000000.0,16099393.0,552639571
레드: 더 레전드,Action Comedy Crime Thriller,2013,3004647,739,롯데쇼핑(주)롯데엔터테인먼트,84000000.0,19552937.0,148075565
해리 포터와 혼혈 왕자,Action Adventure Family Fantasy Mystery,2009,3002669,751,워너브러더스코리아(주),250000000.0,17796035.0,941056063
드래곤 길들이기 2,Action Adventure Animation Comedy Family Fantasy,2014,3000056,829,(주)씨제이이엔엠,145000000.0,21203356.0,621537519
황금 나침반,Adventure Family Fantasy,2007,2979838,110,롯데쇼핑(주)롯데엔터테인먼트,180000000.0,22500000.0,372234864
블랙 위도우,Action Adventure Sci-Fi,2021,2961902,2528,월트디즈니컴퍼니코리아유한책임회사,,25935750.0,379751655
서치,Drama Mystery Thriller,2018,2949944,816,소니픽쳐스엔터테인먼트코리아주식회사극장배급지점,,22981534.0,75462037
엑스맨: 아포칼립스,Action Adventure Sci-Fi,2016,2938818,1262,이십세기폭스코리아(주),178000000.0,21157574.0,543934105
300,Action Drama,2007,2929400,102,워너브러더스코리아(주),65000000.0,19902209.0,456082343
솔트,Action Thriller,2010,2921331,556,한국소니픽쳐스릴리징브에나비스타영화(주),110000000.0,19741786.0,293503354
원티드,Action Crime Thriller,2008,2867594,446,유니버설픽쳐스인터내셔널코리아(유),75000000.0,17028849.0,342463063
슈렉3,Adventure Animation Comedy Family Fantasy Romance,2007,2844159,120,씨제이엔터테인먼트,160000000.0,19245701.0,808308862
앤트맨,Action Comedy Sci-Fi,2015,2841699,949,월트디즈니컴퍼니코리아(주),130000000.0,20804140.0,519311965
쥬라기 월드: 도미니언,Action Adventure Sci-Fi Thriller,2022,2837410,2218,유니버설픽쳐스인터내셔널코리아(유),,25851781.0,1001978080
호빗: 다섯 군대 전투,Adventure Fantasy,2014,2836774,926,워너브러더스코리아(주),,21458497.0,962253946
호빗: 뜻밖의 여정,Adventure Fantasy,2012,2818993,1028,워너브러더스코리아(주),,17189477.0,1017107150
메이즈 러너,Action Mystery Sci-Fi Thriller,2014,2812427,648,이십세기폭스코리아(주),34000000.0,19001165.0,348319861
해리 포터와 죽음의 성물1,Adventure Family Fantasy Mystery,2010,2809053,718,워너브러더스코리아(주),,18094550.0,960858478
빅 히어로,Action Adventure Animation Comedy Crime Family Sci-Fi,2015,2801949,825,월트디즈니컴퍼니코리아(주),165000000.0,19446589.0,657870525
덩케르크,Action Drama History Thriller War,2017,2792705,1252,워너브러더스코리아(주),100000000.0,22339271.0,533696799
혹성탈출: 진화의 시작,Action Drama Sci-Fi Thriller,2011,2773794,514,이십세기폭스코리아(주),93000000.0,18751597.0,481800873
메이즈 러너: 스코치 트라이얼,Action Adventure Sci-Fi Thriller,2015,2744413,804,이십세기폭스코리아(주),61000000.0,19096288.0,312296056
가디언즈 오브 갤럭시 VOL. 2,Action Adventure Comedy Sci-Fi,2017,2735721,1218,월트디즈니컴퍼니코리아유한책임회사,200000000.0,21317524.0,863756903
핸콕,Action Comedy Drama Fantasy,2008,2723518,602,한국소니픽쳐스릴리징브에나비스타영화(주),150000000.0,15787552.0,629443428
나우 유 씨 미 : 마술사기단,Crime Mystery Thriller,2013,2718227,691,롯데쇼핑(주)롯데엔터테인먼트,75000000.0,17403552.0,351723989
미스 페레그린과 이상한 아이들의 집,Adventure Drama Family Fantasy Thriller,2016,2718158,904,이십세기폭스코리아(주),110000000.0,18886269.0,296482446
토르: 러브 앤 썬더,Action Adventure Comedy Romance Sci-Fi,2022,2716306,2143,월트디즈니컴퍼니코리아유한책임회사,,26088759.0,760928081
적벽대전 2 : 최후의 결전,Action Adventure Drama History War,2009,2713031,426,(주)쇼박스,,15487509.0,120432178
지.아이.조 : 전쟁의 서막,Action Adventure Sci-Fi Thriller,2009,2706748,446,씨제이엔터테인먼트,175000000.0,17198283.0,302469017
타이탄,Action Adventure Fantasy,2010,2685508,694,워너브러더스코리아(주),,20127161.0,493214993
브레이킹 던 part2,Adventure Drama Fantasy Romance,2012,2654817,665,(주)넥스트엔터테인먼트월드(NEW),120000000.0,13869025.0,848593948
미니언즈,Adventure Animation Comedy Crime Family Sci-Fi,2015,2625572,792,유니버설픽쳐스인터내셔널코리아(유),74000000.0,16798188.0,1159457503
트랜스포머: 최후의 기사,Action Adventure Comedy Sci-Fi Thriller,2017,2614601,1739,롯데쇼핑(주)롯데엔터테인먼트,217000000.0,19544393.0,605425157
제이슨 본,Action Thriller,2016,2611966,827,유니버설픽쳐스인터내셔널코리아(유),120000000.0,18378011.0,415484914
드래곤 길들이기,Action Adventure Comedy Drama Family Fantasy Sci-Fi,2010,2603857,562,유니버설픽쳐스인터내셔널코리아(유) 씨제이엔터테인먼트,165000000.0,24970846.0,494879860
도리를 찾아서,Adventure Animation Comedy Family Fantasy Mystery,2016,2601734,1091,월트디즈니컴퍼니코리아(주),,17902824.0,1029266989
퍼시픽 림,Action Adventure Sci-Fi,2013,2539114,1005,워너브러더스코리아(주),190000000.0,18613104.0,411002906
정글북,Action Adventure Animation Drama Family Fantasy Musical,2016,2537419,924,월트디즈니컴퍼니코리아(주),175000000.0,18606362.0,967724775
엑스맨: 퍼스트 클래스,Action Sci-Fi,2011,2533852,587,이십세기폭스코리아(주),160000000.0,17338717.0,352616690
해리포터와 아즈카반의 죄수,Adventure Family Fantasy Mystery,2004,2532000,91,워너브러더스코리아(주),130000000.0,13058217.845742468,808481128
패션 오브 크라이스트,Drama,2004,2523700,56,길갈 (주)라이크콘텐츠 (주)이수C&E 이십세기폭스필름코퍼레이션,30000000.0,3919374.0,610063438
마이펫의 이중생활,Adventure Animation Comedy Family,2016,2520510,726,유니버설픽쳐스인터내셔널코리아(유),75000000.0,16780206.0,875698161
"나니아 연대기-사자,마녀 그리고 옷장",Adventure Family Fantasy,2005,2505133,80,브에나비스타인터내셔널코리아,180000000.0,13983100.0,745013115
터미네이터 3,Action Sci-Fi,2003,2491354,88,(주)시네마서비스,200000000.0,13320908.60143658,433371112
보스 베이비,Adventure Animation Comedy Family Fantasy,2017,2451919,1116,(주)씨제이이엔엠,,17210258.0,527965936
신비한 동물들과 그린델왈드의 범죄,Adventure Family Fantasy,2018,2414062,1601,워너브러더스코리아(주),200000000.0,18921414.0,655755901
터미네이터: 다크 페이트,Action Adventure Sci-Fi,2019,2410227,1315,월트디즈니컴퍼니코리아유한책임회사,185000000.0,14791367.0,261119292
슈퍼 마리오 브라더스,Adventure Animation Comedy Family Fantasy,2023,2394076,1526,유니버설픽쳐스인터내셔널코리아(유),,17271151.0,1360847665
테이큰,Action Crime Thriller,2008,2379830,254,(주)스튜디오이쩜영,25000000.0,14122100.0,226837760
007 스카이폴,Action Adventure Thriller,2012,2376145,748,소니픽쳐스릴리징월트디즈니스튜디오스코리아(주),200000000.0,12825803.0,1108594137
스파이더맨 2,Action Adventure Sci-Fi,2004,2367704,72,한국소니픽쳐스릴리징브에나비스타영화(주),200000000.0,13037416.0,784561571
미션 임파서블: 파이널 레코닝,Action Adventure Thriller,2025,2334727,2385,롯데컬처웍스(주)롯데엔터테인먼트,,16234559.0,584077375
스파이,Action Comedy,2015,2318748,665,이십세기폭스코리아(주),65000000.0,16285103.0,235666219
모아나,Adventure Animation Comedy Family Fantasy Musical,2017,2310054,953,월트디즈니컴퍼니코리아유한책임회사,,16411306.0,643332467
테이큰 2,Action Crime Thriller,2012,2308596,682,이십세기폭스코리아(주),45000000.0,12894662.0,376152455
메이즈 러너: 데스 큐어,Action Adventure Sci-Fi Thriller,2018,2299732,1090,이십세기폭스코리아(주),62000000.0,17181931.0,288175335
맘마미아!2,Comedy Musical Romance,2018,2293836,750,유니버설픽쳐스인터내셔널코리아(유),75000000.0,17822208.0,395607854
분노의 질주: 더 얼티메이트,Action Crime Thriller,2021,2292415,2297,유니버설픽쳐스인터내셔널코리아(유),,19075159.0,726229501
호빗: 스마우그의 폐허,Adventure Fantasy,2013,2282744,811,워너브러더스코리아(주),,16225470.0,959079095
나잇&데이,Action Adventure Comedy,2010,2282191,501,이십세기폭스코리아(주),117000000.0,15501620.0,261989769
미니언즈2,Adventure Animation Comedy Crime Family Sci-Fi,2022,2269024,1394,유니버설픽쳐스인터내셔널코리아(유),,19452280.0,940482695
컨저링,Horror Mystery Thriller,2013,2262758,553,워너브러더스코리아(주),20000000.0,14864407.0,320415166
슈렉 포에버,Adventure Animation Comedy Family Fantasy Romance,2010,2261356,561,씨제이엔터테인먼트,165000000.0,21068686.0,752600867
이글 아이,Action Mystery Thriller,2008,2258369,330,씨제이엔터테인먼트,80000000.0,12889312.0,178767383
배트맨 대 슈퍼맨: 저스티스의 시작,Action Adventure Sci-Fi,2016,2256913,1709,워너브러더스코리아(주),250000000.0,16348379.0,874362803
레디 플레이어 원,Action Adventure Sci-Fi,2018,2254430,1079,워너브러더스코리아(주),175000000.0,18118372.0,607874422
위키드,Fantasy Musical Romance,2024,2244536,1803,유니버설픽쳐스인터내셔널코리아(유),,16259458.0,756226570
배틀쉽,Action Adventure Sci-Fi Thriller,2012,2241687,736,유니버설픽쳐스인터내셔널코리아(유),209000000.0,12135423.0,303025485
매트릭스3 레볼루션,Action Sci-Fi,2003,2240000,112,워너브러더스코리아(주),150000000.0,11976955.208781224,427344325
셜록홈즈 : 그림자 게임,Action Adventure Mystery,2011,2239156,370,워너브러더스코리아(주),,15153172.0,543848418
어거스트 러쉬,Drama Music,2007,2218573,68,(주)영화사그램 씨제이엔터테인먼트 워너브러더스코리아(주),,12979486.0,66122026
나는 전설이다,Drama Horror Sci-Fi Thriller,2007,2215883,127,워너브러더스코리아(주),150000000.0,17202365.0,585410052
포세이돈,Action Adventure Thriller,2006,2214600,89,워너브러더스코리아(주),160000000.0,14093621.0,181674817
셜록 홈즈,Action Adventure Mystery,2009,2207751,377,워너브러더스코리아(주),90000000.0,14014763.0,524028679
007 퀀텀 오브 솔러스,Action Adventure Mystery Thriller,2008,2201300,518,한국소니픽쳐스릴리징브에나비스타영화(주),200000000.0,12703204.0,589593688
이상한 나라의 앨리스,Adventure Family Fantasy Mystery,2010,2182365,401,한국소니픽쳐스릴리징브에나비스타영화(주),200000000.0,18779996.0,1025468216
맨 오브 스틸,Action Adventure Sci-Fi,2013,2182227,998,워너브러더스코리아(주),225000000.0,15536798.0,670145518
로건,Action Drama Sci-Fi Thriller,2017,2169109,954,월트디즈니컴퍼니코리아유한책임회사 이십세기폭스코리아(주),97000000.0,16716714.0,619180476
원더 우먼,Action Adventure Fantasy Sci-Fi War,2017,2165401,1034,워너브러더스코리아(주),149000000.0,15878226.0,823970682
극장판 귀멸의 칼날: 무한열차편,Action Adventure Animation Fantasy Thriller,2021,2151861,380,(주)넥스트엔터테인먼트월드(NEW) 워터홀컴퍼니(주),,17861441.0,485541995
겟 아웃,Horror Mystery Thriller,2017,2138146,945,유니버설픽쳐스인터내셔널코리아(유),4500000.0,15844577.0,255751443
베놈 2: 렛 데어 비 카니지,Action Sci-Fi Thriller,2021,2123652,1998,소니픽쳐스엔터테인먼트코리아주식회사극장배급지점,,18259553.0,506813864
블랙 팬서: 와칸다 포에버,Action Adventure Drama Sci-Fi,2022,2105831,2571,월트디즈니컴퍼니코리아유한책임회사,,19633906.0,859208836
이클립스,Action Adventure Drama Fantasy Mystery Romance Thriller,2010,2105050,535,(주)넥스트엔터테인먼트월드(NEW),68000000.0,13809393.0,698513085
엑스맨 : 최후의 전쟁,Action Adventure Sci-Fi,2006,2096180,112,이십세기폭스코리아(주),210000000.0,12406569.0,460435291
논스톱,Action Mystery Thriller,2014,2084457,582,(주)넥스트엔터테인먼트월드(NEW),50000000.0,14205911.0,222809600
장화신은 고양이,Action Adventure Animation Comedy Family Fantasy,2012,2080154,593,(주)씨제이이엔엠,130000000.0,12909397.0,554987477
인투 더 스톰,Action Adventure Drama Thriller,2014,2078492,585,워너브러더스코리아(주),50000000.0,14285274.0,161515959
본 얼티메이텀,Action Mystery Thriller,2007,2052800,69,유니버설픽쳐스인터내셔널코리아(유),110000000.0,9280901.0,442824138
혹성탈출: 종의 전쟁,Action Adventure Drama Sci-Fi Thriller,2017,2051315,1017,이십세기폭스코리아(주),150000000.0,15320029.0,490719763
소울,Adventure Animation Comedy Drama Family Fantasy Music,2021,2048137,2018,월트디즈니컴퍼니코리아유한책임회사,,16458991.0,121977511
노아,Action Adventure Drama,2014,2026574,952,(주)씨제이이엔엠,125000000.0,13717745.0,359200044
듄: 파트2,Action Adventure Drama Sci-Fi,2024,2016202,1544,워너브러더스코리아(주),,17337998.0,714844358
캐리비안의 해적 : 블랙펄의 저주,Action Adventure Fantasy,2003,2010460,57,월트디즈니코리아(주),140000000.0,10749638.111181384,654264546
레버넌트: 죽음에서 돌아온 자,Adventure Drama Western,2016,2007657,967,이십세기폭스코리아(주),135000000.0,13931528.0,532950503
오페라의 유령,Drama Musical Romance Thriller,2004,2006880,71,(주)팝엔터테인먼트 (주)드림팩트엔터테인먼트 씨제이엔터테인먼트,70000000.0,8322052.0,154674241
테이큰 3,Action Crime Thriller,2015,2006561,616,이십세기폭스코리아(주),48000000.0,14237600.0,326479141
페르시아의 왕자: 시간의 모래,Action Adventure Fantasy,2010,2003533,570,한국소니픽쳐스릴리징브에나비스타영화(주),200000000.0,13377647.0,336365676
박물관이 살아있다 2,Adventure Comedy Family Fantasy,2009,2002526,569,이십세기폭스코리아(주),150000000.0,10887536.0,413106170
에이리언: 로물루스,Horror Sci-Fi Thriller,2024,2002033,1436,월트디즈니컴퍼니코리아유한책임회사,,14994393.0,350865342
테넷,Action Sci-Fi Thriller,2020,1998987,2228,워너브러더스코리아(주),,16783284.0,365304105
크루엘라,Adventure Comedy Crime Drama,2021,1983397,1184,월트디즈니컴퍼니코리아유한책임회사,,16648115.0,233503234
데드풀과 울버린,Action Adventure Comedy Sci-Fi,2024,1977010,1948,월트디즈니컴퍼니코리아유한책임회사,,15028073.0,1338073645
루시,Action Sci-Fi Thriller,2014,1974893,641,유니버설픽쳐스인터내셔널코리아(유),40000000.0,14561277.0,469058574
타이타닉,Drama Romance,1998,1971780,0,월트디즈니컴퍼니코리아유한책임회사 씨네힐 이십세기폭스코리아(주),200000000.0,17287679.0,2264812968
알리타: 배틀 엔젤,Action Adventure Sci-Fi Thriller,2019,1951889,1043,월트디즈니컴퍼니코리아유한책임회사 이십세기폭스코리아(주),170000000.0,13619788.0,404980543
뉴 문,Adventure Drama Fantasy Romance,2009,1949027,532,(주)넥스트엔터테인먼트월드(NEW),50000000.0,12095846.0,711048123
천사와 악마,Mystery Thriller,2009,1936321,558,한국소니픽쳐스릴리징브에나비스타영화(주),150000000.0,11011751.0,485930816
애나벨 : 인형의 주인,Horror Mystery Thriller,2017,1934192,1006,워너브러더스코리아(주),15000000.0,14113273.0,306592201
컨저링 2,Horror Mystery Thriller,2016,1928605,635,워너브러더스코리아(주),40000000.0,13627254.0,322811702
존 윅 4,Action Crime Thriller,2023,1924768,1532,(주)레드아이스엔터테인먼트,,14636986.0,447142521
터보,Adventure Animation Comedy Family Sport,2013,1923748,634,(주)씨제이이엔엠,135000000.0,11919702.0,282570682
영웅,Action Adventure Drama,2003,1910000,47,(유)조이앤시네마 코리아픽쳐스(주),31000000.0,10738310.0,177395557
수어사이드 스쿼드,Action Adventure Fantasy Sci-Fi,2016,1898121,823,워너브러더스코리아(주),175000000.0,13725599.0,749200054
러브 액츄얼리,Comedy Drama Romance,2003,1887000,41,(주)제이앤씨미디어그룹 와이드릴리즈(주) UIP코리아 (유)조이앤시네마,40000000.0,2396419.0,250779876
퍼시 잭슨과 번개 도둑,Adventure Family Fantasy,2010,1877226,353,이십세기폭스코리아(주),95000000.0,12154920.0,226497209
지.아이.조 2,Action Adventure Sci-Fi Thriller,2013,1855917,766,(주)씨제이이엔엠,130000000.0,13140860.0,375740705
콘스탄틴,Action Fantasy Horror Mystery,2005,1845000,59,워너브러더스코리아(주),100000000.0,11761004.0,230885289
007 스펙터,Action Adventure Thriller,2015,1820842,1105,유니버설픽쳐스인터내셔널코리아(유),245000000.0,12646122.0,880707597
캐치 미 이프 유 캔,Biography Crime Drama,2003,1807612,44,씨제이엔터테인먼트,52000000.0,9963084.0,352114312
작전명 발키리,Drama History Thriller War,2009,1798205,372,이십세기폭스코리아(주),75000000.0,10352399.0,201545517
분노의 질주: 더 맥시멈,Action Thriller,2013,1790457,656,유니버설픽쳐스인터내셔널코리아(유),160000000.0,12001457.0,788683342
저스티스 리그,Action Adventure Fantasy Sci-Fi,2017,1786386,1308,워너브러더스코리아(주),,13297786.0,661326987
"아이, 로봇",Action Mystery Sci-Fi Thriller,2004,1777470,49,이십세기폭스필름코퍼레이션,120000000.0,8835733.0,353133898
분노의 질주: 라이드 오어 다이,Action Adventure Crime Mystery Thriller,2023,1773424,1731,유니버설픽쳐스인터내셔널코리아(유),,13549697.0,704875015
쿵푸팬더4,Action Adventure Animation Comedy Family Fantasy Thriller,2024,1771601,2311,유니버설픽쳐스인터내셔널코리아(유),,12127027.0,547946428
벤자민 버튼의 시간은 거꾸로 간다,Drama Fantasy Romance,2009,1767051,313,(주)일레븐엔터테인먼트 워너브러더스코리아(주),150000000.0,10033993.0,335802786
수퍼맨 리턴즈,Action Adventure Sci-Fi,2006,1764758,96,워너브러더스코리아(주),270000000.0,11800000.0,391081192
나를 찾아줘,Drama Mystery Thriller,2014,1764233,658,이십세기폭스코리아(주),61000000.0,12394639.0,370890259
베놈: 라스트 댄스,Action Adventure Sci-Fi Thriller,2024,1764011,1663,소니픽쳐스엔터테인먼트코리아주식회사극장배급지점,,12656686.0,478937618
걸리버 여행기,Adventure Animation Comedy Family Fantasy Sci-Fi Sport,2011,1762070,513,이십세기폭스코리아(주),112000000.0,14944513.0,237382724
주먹왕 랄프 2: 인터넷 속으로,Adventure Animation Comedy Family Fantasy Sci-Fi Sport,2019,1758891,1453,월트디즈니컴퍼니코리아유한책임회사,175000000.0,10209048.0,529323962
내셔널 트레져:비밀의 책,Action Adventure Mystery Thriller,2007,1756319,76,한국소니픽쳐스릴리징브에나비스타영화(주),,11982505.0,459242249
이미테이션 게임,Biography Drama Thriller War,2015,1743936,541,메가박스중앙(주)플러스엠엔터테인먼트,,12074555.0,233555708
샹치와 텐 링즈의 전설,Action Adventure Fantasy Sci-Fi,2021,1740868,1784,월트디즈니컴퍼니코리아유한책임회사,,15318394.0,432243292
악마는 프라다를 입는다,Comedy Drama,2006,1730719,66,(주)퍼스트런 글뫼주식회사 이십세기폭스코리아(주),35000000.0,10194648.0,326720785
씽,Animation Comedy Family Musical,2016,1730688,795,유니버설픽쳐스인터내셔널코리아(유),75000000.0,11470803.0,634338409
스타워즈 에피소드3 - 시스의복수,Action Adventure Fantasy Sci-Fi,2005,1722800,90,이십세기폭스필름코퍼레이션,113000000.0,10862110.0,905595947
킬러의 보디가드,Action Comedy Crime Thriller,2017,1721757,482,(주)제이앤씨미디어그룹 TCO(주)더콘텐츠온,30000000.0,12743961.0,183431147
언터처블: 1%의 우정,Comedy Drama,2012,1720052,454,(주)넥스트엔터테인먼트월드(NEW),,9339066.0,426590315
샌 안드레아스,Action Adventure Thriller,2015,1716306,847,워너브러더스코리아(주),110000000.0,12762661.0,474609154
쥬만지: 새로운 세계,Action Adventure Comedy Fantasy,2018,1711246,791,소니픽쳐스엔터테인먼트코리아주식회사극장배급지점,90000000.0,12576280.0,962544585
토르: 천둥의 신,Action Fantasy,2011,1694529,496,(주)씨제이이엔엠,150000000.0,14530075.0,449326618
콩: 스컬 아일랜드,Action Adventure Fantasy Sci-Fi,2017,1689717,984,워너브러더스코리아(주),185000000.0,12716844.0,568652812
점퍼,Action Adventure Sci-Fi Thriller,2008,1685405,353,이십세기폭스필름코퍼레이션,85000000.0,9726132.0,225132113
23 아이덴티티,Horror Thriller,2017,1675798,952,유니버설픽쳐스인터내셔널코리아(유),9000000.0,12370434.0,278454417
알렉산더,Action Biography Drama History War,2004,1671576,71,(주)시네마서비스,155000000.0,9149343.0,167298192
마다가스카의 펭귄,Action Adventure Animation Comedy Crime Family Sci-Fi,2014,1661230,615,(주)씨제이이엔엠,132000000.0,11051752.0,373515621
캡틴 아메리카: 브레이브 뉴 월드,Action Adventure Sci-Fi,2025,1654160,1901,월트디즈니컴퍼니코리아유한책임회사,,11523915.0,415101577
아이스 에이지 4: 대륙 이동설,Adventure Animation Comedy Family,2012,1648070,501,이십세기폭스코리아(주),95000000.0,9015292.0,877244782
반 헬싱,Action Adventure Fantasy Thriller,2004,1631359,43,(주)스튜디오이쩜영,160000000.0,8413365.405455207,300157638
마다가스카3 : 이번엔 서커스다!,Adventure Animation Comedy Family,2012,1628563,564,(주)씨제이이엔엠,145000000.0,9178944.0,746921274
블랙 스완,Drama Thriller,2011,1623199,294,(주)영화사그램 이십세기폭스코리아(주) 월트디즈니컴퍼니코리아유한책임회사,13000000.0,11347528.0,329398046
분노의 질주: 언리미티드,Action Crime Thriller,2011,1621973,457,유니버설픽쳐스인터내셔널코리아(유),125000000.0,11173709.0,626140012
마다가스카,Adventure Animation Comedy Family,2005,1620031,109,씨제이엔터테인먼트,,9754887.0,542064525
닥터 두리틀,Adventure Comedy Family Fantasy,2020,1607082,1290,유니버설픽쳐스인터내셔널코리아(유),175000000.0,12224773.0,251410631
퓨리오사: 매드맥스 사가,Action Adventure Sci-Fi,2024,1605454,1442,워너브러더스코리아(주),,12094103.0,174375791
스타트렉 다크니스,Action Adventure Sci-Fi,2013,1605271,607,(주)씨제이이엔엠,190000000.0,11784493.0,467365246
로빈 후드,Action Adventure Drama History,2010,1596574,555,유니버설픽쳐스인터내셔널코리아(유),200000000.0,10676938.0,321669741
라이프 오브 파이,Adventure Drama Fantasy,2013,1593463,392,주식회사해리슨앤컴퍼니 이십세기폭스코리아(주),120000000.0,14425703.0,609016565
300: 제국의 부활,Action Drama,2014,1593116,720,워너브러더스코리아(주),110000000.0,11844166.0,337580051
위플래쉬,Drama Music,2015,1589048,436,(주)넥스트엔터테인먼트월드(NEW) 워터홀컴퍼니(주) (주)쇼박스,3300000.0,11191224.0,50360880
해리포터와 마법사의 돌,Adventure Family Fantasy,2001,1585389,0,워너브러더스코리아(주),125000000.0,2504289.0,1028492855
지구가 멈추는 날,Adventure Drama Sci-Fi Thriller,2008,1576333,469,이십세기폭스코리아(주),80000000.0,9191558.0,233093859
적벽대전:거대한 전쟁의 시작,Action Adventure Drama History War,2008,1573621,447,(주)쇼박스,,9035731.0,129710514
미녀삼총사 : 맥시멈 스피드,Action Adventure Comedy Crime,2003,1566696,57,한국소니픽쳐스릴리징브에나비스타영화(주),120000000.0,8376896.347221745,259175788
슈퍼배드 4,Adventure Animation Comedy Crime Family Sci-Fi,2024,1562001,1178,유니버설픽쳐스인터내셔널코리아(유),,10416369.0,969604368
범블비,Action Adventure Sci-Fi,2018,1561643,1016,롯데컬처웍스(주)롯데엔터테인먼트,135000000.0,11899133.0,467989645
앤트맨과 와스프: 퀀텀매니아,Action Adventure Comedy Sci-Fi,2023,1551129,2090,월트디즈니컴퍼니코리아유한책임회사,,11989335.0,476071180
듄,Action Adventure Drama Sci-Fi,2021,1549346,1576,워너브러더스코리아(주),,14616410.0,410668018
사랑과 영혼,Drama Fantasy Romance Thriller,1990,1532589,0,(주)제이앤씨미디어그룹 파라마운트픽쳐스,22000000.0,20984341.0,505703557
벼랑 위의 포뇨,Adventure Animation Comedy Family Fantasy,2008,1521842,379,(주)쇼박스,,8441483.0,206468321
오블리비언,Action Adventure Sci-Fi,2013,1515356,634,유니버설픽쳐스인터내셔널코리아(유),120000000.0,10149289.0,286168572
몬스터 호텔 2,Adventure Animation Comedy Family Fantasy Romance,2015,1515104,686,유니버설픽쳐스인터내셔널코리아(유),80000000.0,9804387.0,475186976
엑소더스: 신들과 왕들,Action Adventure Drama Fantasy,2014,1511845,865,이십세기폭스코리아(주),140000000.0,11006971.0,268175631
드래곤 길들이기 3,Action Adventure Animation Comedy Drama Family Fantasy,2019,1506942,971,유니버설픽쳐스인터내셔널코리아(유),129000000.0,9051084.0,539987993
인디펜던스 데이 : 리써전스,Action Adventure Sci-Fi,2016,1500830,926,이십세기폭스코리아(주),165000000.0,11043080.0,389681935
엑스맨 2,Action Sci-Fi Thriller,2003,1500000,52,이십세기폭스필름코퍼레이션,110000000.0,7360012.0,407711549
토이 스토리 3,Adventure Animation Comedy Family Fantasy,2010,1484843,394,한국소니픽쳐스릴리징브에나비스타영화(주),200000000.0,13231185.0,1067316101
킹덤 오브 헤븐,Action Adventure Drama History War,2005,1484000,74,이십세기폭스필름코퍼레이션,130000000.0,8720877.0,218366336
나니아 연대기:캐스피언 왕자,Action Adventure Family Fantasy,2008,1478573,551,한국소니픽쳐스릴리징브에나비스타영화(주),225000000.0,8167428.0,419665568
