영화명,장르,개봉연도,관객수,스크린수,배급사,예산,국내매출액,세계매출액,세계흥행지수,국내흥행지수,유형
어벤져스: 엔드게임,Action Adventure Sci-Fi,2019,13934592,2835,월트디즈니컴퍼니코리아유한책임회사,356000000.0,104816668.5,2799439100,424.46955383558884,3.7442024904203133,C (글로벌 의존)
겨울왕국 2,Adventure Animation Comedy Drama Family Fantasy Musical,2019,13747792,2648,월트디즈니컴퍼니코리아유한책임회사,150000000.0,98492228.96,1453683476,220.41714587607495,6.775355886345646,A (글로벌 동조)
아바타,Action Adventure Fantasy Sci-Fi,2009,13624328,912,주식회사해리슨앤컴퍼니 이십세기폭스코리아(주),237000000.0,100632323.3,2923710708,443.3124406132263,3.4419384593915163,C (글로벌 의존)
알라딘,Adventure Comedy Family Fantasy Musical Romance,2019,12555894,1311,월트디즈니컴퍼니코리아유한책임회사,183000000.0,91777863.87,1054304000,159.86057653016158,8.705066458061433,A (글로벌 동조)
어벤져스: 인피니티 워,Action Adventure Sci-Fi,2018,11211880,2553,월트디즈니컴퍼니코리아유한책임회사,,90815646.38,2052415039,311.20080300721054,4.424818794167879,C (글로벌 의존)
아바타: 물의 길,Action Adventure Fantasy Sci-Fi,2022,10805065,2809,월트디즈니컴퍼니코리아유한책임회사,,106543417.6,2320250281,351.8117617071826,4.5918933173916505,C (글로벌 의존)
어벤져스: 에이지 오브 울트론,Action Adventure Sci-Fi,2015,10494499,1843,월트디즈니컴퍼니코리아유한책임회사 월트디즈니컴퍼니코리아(주),250000000.0,78286363.8,1405018048,213.038170384028,5.571911614333939,A (글로벌 동조)
겨울왕국,Adventure Animation Comedy Family Fantasy Musical,2014,10296101,1010,월트디즈니컴퍼니코리아유한책임회사 소니픽쳐스릴리징월트디즈니스튜디오스코리아(주),150000000.0,78296149.26,1286319131,195.04025203682852,6.086837035466591,A (글로벌 동조)
인터스텔라,Adventure Drama Sci-Fi,2014,10275484,1342,워너브러더스코리아(주),165000000.0,78134342.2,758690230,115.03765287393475,10.298582888038508,A (글로벌 동조)
보헤미안 랩소디,Biography Drama Music,2018,9948386,936,월트디즈니컴퍼니코리아유한책임회사 이십세기폭스코리아(주),52000000.0,78420140.86,910813521,138.10359685491701,8.609900825132788,A (글로벌 동조)
아이언맨 3,Action Adventure Sci-Fi,2013,9001309,1381,소니픽쳐스릴리징월트디즈니스튜디오스코리아(주),200000000.0,64660826.09,1215577205,184.31389125738158,5.319351648256681,A (글로벌 동조)
인사이드 아웃 2,Adventure Animation Comedy Drama Family Fantasy,2024,8799013,2619,월트디즈니컴퍼니코리아유한책임회사,,61866240.14,1698863816,257.5930178316599,3.6416244526100376,C (글로벌 의존)
캡틴 아메리카: 시빌 워,Action Sci-Fi,2016,8677249,1991,월트디즈니컴퍼니코리아유한책임회사 월트디즈니컴퍼니코리아(주),250000000.0,62626776.82,1155046416,175.13581090544744,5.42201386476576,A (글로벌 동조)
탑건: 매버릭,Action Drama,2022,8177446,1975,롯데컬처웍스(주)롯데엔터테인먼트,,68002663.42,1495696292,226.78740814143256,4.5465555931190345,C (글로벌 의존)
스파이더맨: 파 프롬 홈,Action Adventure Comedy Fantasy Sci-Fi,2019,8021064,2142,소니픽쳐스엔터테인먼트코리아주식회사극장배급지점,160000000.0,59200870.82,1132723226,171.75102053816028,5.226419787387674,A (글로벌 동조)
트랜스포머 3,Action Adventure Comedy Sci-Fi Thriller,2011,7784807,1409,(주)씨제이이엔엠,195000000.0,67539640.02,1123794079,170.3971239510824,6.009965818657779,A (글로벌 동조)
미션임파서블:고스트프로토콜,Action Adventure Thriller,2011,7575899,1038,(주)씨제이이엔엠,145000000.0,52157137.83,694713380,105.33705785998842,7.507720353680247,A (글로벌 동조)
스파이더맨: 노 웨이 홈,Action Adventure Fantasy Sci-Fi,2021,7551990,2948,소니픽쳐스엔터테인먼트코리아주식회사극장배급지점,,65688750.07,1921426073,291.33938578423715,3.4187498021944456,C (글로벌 의존)
트랜스포머: 패자의 역습,Action Adventure Sci-Fi,2009,7505700,1129,씨제이엔터테인먼트,200000000.0,40331033.89,836304167,126.80599361398282,4.822531739220666,C (글로벌 의존)
트랜스포머,Action Adventure Sci-Fi,2007,7440531,160,롯데컬처웍스(주)롯데엔터테인먼트 씨제이엔터테인먼트,150000000.0,36079196.0,709709780,107.61091165346441,5.083654899049017,C (글로벌 의존)
스파이더맨: 홈 커밍,Action Adventure Sci-Fi,2017,7258678,1965,소니픽쳐스엔터테인먼트코리아주식회사극장배급지점,175000000.0,52284862.42,880978185,133.57976500572448,5.934864598264712,A (글로벌 동조)
엘리멘탈,Adventure Animation Comedy Family Fantasy Romance,2023,7240110,1251,월트디즈니컴퍼니코리아유한책임회사,,54584633.08,496444308,75.27418400385194,10.995117115936397,B (국내 특화)
어벤져스,Action Sci-Fi,2012,7074867,967,월트디즈니컴퍼니코리아유한책임회사 한국소니픽쳐스릴리징브에나비스타영화(주),220000000.0,52852461.67,1520538536,230.554154211013,3.4759041233533066,C (글로벌 의존)
미션 임파서블: 폴아웃,Action Adventure Thriller,2018,6584915,1957,롯데컬처웍스(주)롯데엔터테인먼트,178000000.0,50796530.86,824171374,124.96633893762656,6.163345690286011,A (글로벌 동조)
다크 나이트 라이즈,Action Crime Drama Thriller,2012,6396528,1210,워너브러더스코리아(주),250000000.0,42280687.21,1114976407,169.06012994406555,3.7920701231483545,C (글로벌 의존)
킹스맨 : 시크릿 에이전트,Action Adventure Comedy Thriller,2015,6129681,706,이십세기폭스코리아(주),81000000.0,44514467.08,414351546,62.826734063158035,10.74316423088717,B (국내 특화)
미션 임파서블: 로그네이션,Action Adventure Thriller,2015,6126488,1202,롯데쇼핑(주)롯데엔터테인먼트,150000000.0,42904547.52,710916403,107.7938678486743,6.035104456578421,A (글로벌 동조)
반지의 제왕 : 왕의 귀환,Adventure Drama Fantasy,2003,5960000,105,워너브러더스코리아(주) 씨제이엔터테인먼트,94000000.0,28770329.0,1138585547,172.63990459329509,2.5268482527119236,C (글로벌 의존)
인셉션,Action Adventure Sci-Fi Thriller,2010,5926948,528,(주)디스테이션 워너브러더스코리아(주),160000000.0,38145542.39,839381898,127.27265963447098,4.5444799894886465,C (글로벌 의존)
레미제라블,Drama Musical Romance,2012,5911890,696,유니버설픽쳐스인터내셔널코리아(유),61000000.0,38198726.56,442757529,67.13383791488009,8.627459514076383,B (국내 특화)
닥터 스트레인지: 대혼돈의 멀티버스,Action Adventure Fantasy Sci-Fi,2022,5884587,2691,월트디즈니컴퍼니코리아유한책임회사,,48491980.18,955775804,144.9210769009875,5.073572691111984,C (글로벌 의존)
캡틴 마블,Action Adventure Sci-Fi,2019,5801069,2100,월트디즈니컴퍼니코리아유한책임회사,160000000.0,44172733.7,1131416446,171.55287787323812,3.9041975972832907,C (글로벌 의존)
미션 임파서블 3,Action Adventure Thriller,2006,5740789,134,UIP코리아,150000000.0,37618495.0,398479497,60.42010855110935,9.440509557760258,B (국내 특화)
쥬라기 월드: 폴른 킹덤,Action Adventure Sci-Fi,2018,5661128,1972,유니버설픽쳐스인터내셔널코리아(유),170000000.0,45236231.22,1310469037,198.70202121944493,3.451911486864073,C (글로벌 의존)
쥬라기 월드,Action Adventure Sci-Fi,2015,5546792,1290,유니버설픽쳐스인터내셔널코리아(유),150000000.0,42244678.69,1671537444,253.44961177192982,2.527294787301217,C (글로벌 의존)
2012,Action Adventure Sci-Fi,2009,5462953,789,한국소니픽쳐스릴리징브에나비스타영화(주),200000000.0,30879948.81,791217826,119.96970306979873,3.9028378526446397,C (글로벌 의존)
앤트맨과 와스프,Action Adventure Comedy Sci-Fi,2018,5447826,1775,월트디즈니컴퍼니코리아유한책임회사,,43140990.32,622674139,94.41398956179809,6.928341425787076,A (글로벌 동조)
닥터 스트레인지,Action Adventure Fantasy Sci-Fi,2016,5446379,1503,월트디즈니컴퍼니코리아(주),165000000.0,40919105.82,677796833,102.7720586222737,6.037075393062511,A (글로벌 동조)
블랙 팬서,Action Adventure Sci-Fi,2018,5398994,1620,월트디즈니컴퍼니코리아유한책임회사,,41702849.79,1349926083,204.68476065867412,3.0892691322269976,C (글로벌 의존)
트랜스포머: 사라진 시대,Action Adventure Sci-Fi,2014,5295801,1602,(주)씨제이이엔엠,,41789093.09,441656550,66.96690016477424,9.461898185365984,B (국내 특화)
조커,Crime Drama Thriller,2019,5255308,1418,워너브러더스코리아(주),55000000.0,38984191.31,1078958629,163.59887516706067,3.6131312417540338,C (글로벌 의존)
월드 워 Z,Action Adventure Horror Sci-Fi,2013,5237525,964,롯데쇼핑(주)롯데엔터테인먼트,190000000.0,35209085.51,540455876,81.9475103257443,6.514701213092186,B (국내 특화)
반지의 제왕 : 두 개의 탑,Adventure Drama Fantasy,2002,5183000,79,워너브러더스코리아(주) (주)시네마서비스,93000000.0,21046515.0,888483037,134.71770052289367,2.3688144988186197,C (글로벌 의존)
미녀와 야수,Adventure Family Fantasy Musical Romance,2017,5138193,1627,월트디즈니컴퍼니코리아유한책임회사,160000000.0,37257781.45,1266115964,191.97691364073486,2.9426831751092277,C (글로벌 의존)
쿵푸팬더 2,Action Adventure Animation Comedy Drama Family Fantasy Thriller,2011,5062722,948,(주)씨제이이엔엠,150000000.0,39976829.47,665692281,100.93668603395068,6.005301640263424,A (글로벌 동조)
아쿠아맨,Action Adventure Fantasy Sci-Fi,2018,5038134,1285,워너브러더스코리아(주),,40094394.59,1152028393,174.67819820857702,3.480330418384055,C (글로벌 의존)
인사이드 아웃,Adventure Animation Comedy Drama Family Fantasy,2015,4969735,777,월트디즈니컴퍼니코리아(주),175000000.0,33604969.37,859076254,130.2588487265642,3.911756286305173,C (글로벌 의존)
캐리비안의 해적: 세상의 끝에서,Action Adventure Fantasy,2007,4966571,244,한국소니픽쳐스릴리징브에나비스타영화(주),300000000.0,31568003.0,961691209,145.81800990485488,3.2825508546371664,C (글로벌 의존)
킹스맨: 골든 서클,Action Adventure Comedy Crime Thriller,2017,4945484,1687,이십세기폭스코리아(주),104000000.0,36245167.08,410902662,62.30379135913183,8.820864509269107,B (국내 특화)
스파이더맨 3,Action Adventure Sci-Fi,2007,4935660,198,한국소니픽쳐스릴리징브에나비스타영화(주),258000000.0,33960701.0,891697618,135.20511664951644,3.8085445463195127,C (글로벌 의존)
더 퍼스트 슬램덩크,Animation Comedy Drama Sport,2023,4903225,1023,(주)넥스트엔터테인먼트월드(NEW),,39369077.0,246880077,37.43359737137551,15.94663995507422,B (국내 특화)
마션,Adventure Drama Sci-Fi,2015,4880800,1132,월트디즈니컴퍼니코리아유한책임회사 이십세기폭스코리아(주),108000000.0,35052977.67,630621406,95.61900698035966,5.558482052225167,A (글로벌 동조)
토르: 라그나로크,Action Adventure Comedy Fantasy Sci-Fi,2017,4857152,1640,월트디즈니컴퍼니코리아유한책임회사,180000000.0,34707326.05,855301806,129.686541846041,4.057903982725835,C (글로벌 의존)
어메이징 스파이더맨,Action Sci-Fi,2012,4853123,1118,한국소니픽쳐스릴리징브에나비스타영화(주),230000000.0,36529458.8,758725893,115.0430603349145,4.814579169766122,C (글로벌 의존)
라이온 킹,Adventure Animation Drama Family Musical,2019,4743184,1936,월트디즈니컴퍼니코리아유한책임회사,45000000.0,35617817.44,979161373,148.4669522299494,3.637584000160513,C (글로벌 의존)
주토피아,Action Adventure Animation Comedy Crime Family Mystery,2016,4703245,661,월트디즈니컴퍼니코리아(주),,31952295.8,1025521689,155.49641132702246,3.11571136356532,C (글로벌 의존)
엣지 오브 투모로우,Action Adventure Sci-Fi,2014,4699208,801,워너브러더스코리아(주),178000000.0,36774969.81,381055527,57.77817046717508,9.650816535722365,B (국내 특화)
쿵푸 팬더,Action Adventure Animation Comedy Family Fantasy,2008,4673009,351,씨제이엔터테인먼트,130000000.0,27130061.85,632384787,95.88638252223593,4.290119308325487,C (글로벌 의존)
신비한 동물사전,Adventure Family Fantasy,2016,4666993,1431,워너브러더스코리아(주),180000000.0,33899744.1,816037575,123.73303829803831,4.154189113166756,C (글로벌 의존)
캐리비안의 해적 : 망자의 함,Action Adventure Fantasy,2006,4628903,129,브에나비스타인터내셔널코리아,225000000.0,26600000.0,1066179747,161.661256184366,2.494888884810152,C (글로벌 의존)
박물관이 살아있다!,Adventure Comedy Family Fantasy,2006,4612831,86,이십세기폭스코리아(주),,25457705.0,574482479,87.10684992129067,4.431415392217732,C (글로벌 의존)
터미네이터 : 미래전쟁의 시작,Action Adventure Sci-Fi,2009,4568891,704,롯데쇼핑(주)롯데엔터테인먼트,200000000.0,23618115.12,371353001,56.30700901833406,6.360017303320514,B (국내 특화)
맘마미아!,Comedy Musical Romance,2008,4554785,457,유니버설픽쳐스인터내셔널코리아(유),52000000.0,26741046.97,706788538,107.1679735347585,3.7834579272704616,C (글로벌 의존)
아이언맨 2,Action Sci-Fi,2010,4498335,757,씨제이엔터테인먼트,200000000.0,28680103.35,623933331,94.60491661801923,4.596661522158687,C (글로벌 의존)
해리 포터와 죽음의 성물2,Adventure Family Fantasy Mystery,2011,4400298,757,워너브러더스코리아(주),,31141149.34,1342505340,203.55957830684565,2.3196294578612253,C (글로벌 의존)
아이언맨,Action Adventure Sci-Fi,2008,4316003,592,씨제이엔터테인먼트,140000000.0,25142197.34,585796247,88.82231858612406,4.291969685493735,C (글로벌 의존)
엑스맨: 데이즈 오브 퓨처 패스트,Action Adventure Sci-Fi Thriller,2014,4313871,1056,이십세기폭스코리아(주),200000000.0,32904062.63,746045700,113.12040523401977,4.410462070889223,C (글로벌 의존)
킹콩,Action Adventure Romance,2005,4232430,89,UIP코리아,207000000.0,24777357.0,556906378,84.44184472448563,4.4491063451243145,D (상대적 저성과)
가디언즈 오브 갤럭시: Volume 3,Action Adventure Comedy Sci-Fi,2023,4208993,1819,월트디즈니컴퍼니코리아유한책임회사,,34034724.01,845555777,128.20878418333683,4.025130563326516,C (글로벌 의존)
어메이징 스파이더맨 2,Action Adventure Sci-Fi,2014,4168350,1312,소니픽쳐스릴리징월트디즈니스튜디오스코리아(주),,33107725.79,716934779,108.70641399962818,4.617955044136588,C (글로벌 의존)
인디아나 존스 4 : 크리스탈 해골의 왕국,Action Adventure,2008,4136101,660,씨제이엔터테인먼트,185000000.0,24139508.84,786636033,119.27498117694633,3.068701130806196,C (글로벌 의존)
미이라 3:황제의 무덤,Action Adventure Fantasy Horror,2008,4090795,527,유니버설픽쳐스인터내셔널코리아(유),145000000.0,23712907.24,403449830,61.173743459946735,5.8775355637155675,B (국내 특화)
다크 나이트,Action Crime Drama Thriller,2008,4087355,462,주식회사해리슨앤컴퍼니 워너브러더스코리아(주),185000000.0,24470050.56,1009057329,152.99997568625838,2.4250406648599845,C (글로벌 의존)
미션 임파서블: 데드 레코닝 PART ONE,Action Adventure Thriller,2023,4021778,2437,롯데컬처웍스(주)롯데엔터테인먼트,291000000.0,31019681.65,571125435,86.59783260818448,5.431325545849661,B (국내 특화)
혹성탈출: 반격의 서막,Action Adventure Drama Sci-Fi Thriller,2014,4002560,922,이십세기폭스코리아(주),170000000.0,29922192.46,710644566,107.75265011684151,4.210570782018757,C (글로벌 의존)
해리포터와 비밀의 방,Adventure Family Fantasy Mystery,2002,4000000,89,워너브러더스코리아(주),100000000.0,25361777.0,882767796,133.85111771445435,2.8729839392555276,C (글로벌 의존)
쿵푸팬더3,Action Adventure Animation Comedy Family Fantasy,2016,3984812,1365,(주)씨제이이엔엠,145000000.0,27008616.13,521170825,79.02338277688405,5.182296251905505,D (상대적 저성과)
캡틴 아메리카: 윈터 솔져,Action Adventure Sci-Fi Thriller,2014,3963220,1106,월트디즈니컴퍼니코리아유한책임회사 소니픽쳐스릴리징월트디즈니스튜디오스코리아(주),170000000.0,30108797.37,714421503,108.32533439607985,4.214430450870681,C (글로벌 의존)
베놈,Action Adventure Sci-Fi,2018,3888096,1308,소니픽쳐스엔터테인먼트코리아주식회사극장배급지점,100000000.0,30993429.8,856085161,129.80531933519762,3.6203676003210155,C (글로벌 의존)
트로이,Action Adventure Drama,2004,3851000,90,워너브러더스코리아(주),175000000.0,20400000.0,497409852,75.42058619952343,4.101245666521297,D (상대적 저성과)
매드 맥스: 분노의 도로,Action Adventure Sci-Fi,2015,3842441,799,워너브러더스코리아(주),150000000.0,29081557.96,380437267,57.68442577869288,7.6442453152203935,B (국내 특화)
데드풀 2,Action Adventure Comedy Sci-Fi,2018,3784602,1576,이십세기폭스코리아(주),110000000.0,31071097.8,785896632,119.162868285269,3.9535858196679485,C (글로벌 의존)
미이라,Action Adventure Fantasy,2017,3689325,1257,유니버설픽쳐스인터내셔널코리아(유),80000000.0,26975248.47,417643286,63.32584954995065,6.4589206565145165,B (국내 특화)
너의 이름은.,Animation Drama Fantasy Romance,2017,3673885,947,메가박스중앙(주)플러스엠엔터테인먼트,,26143445.72,405340703,61.4604501858297,6.449745985662831,B (국내 특화)
분노의 질주: 홉스&쇼,Action Adventure Thriller,2019,3657536,1311,유니버설픽쳐스인터내셔널코리아(유),200000000.0,27659192.74,760732926,115.34738001168236,3.63586112743068,C (글로벌 의존)
분노의 질주: 더 익스트림,Action Crime Thriller,2017,3653238,1469,유니버설픽쳐스인터내셔널코리아(유),250000000.0,26512288.52,1236009236,187.4119315335658,2.144991133383408,C (글로벌 의존)
해리 포터와 불의 잔,Adventure Family Fantasy Mystery,2005,3615000,125,워너브러더스코리아(주),150000000.0,23161873.0,897468207,136.08009168940876,2.580801505762978,C (글로벌 의존)
인턴,Comedy Drama,2015,3610642,496,워너브러더스코리아(주),35000000.0,25203658.04,194764672,29.53151344738123,12.940569653206923,B (국내 특화)
라라랜드,Comedy Drama Music Musical Romance,2016,3597519,727,판씨네마(주),30000000.0,25861300.15,509183536,77.20579038363346,5.078974146171136,D (상대적 저성과)
리얼 스틸,Action Drama Sci-Fi Sport,2011,3579666,603,한국소니픽쳐스릴리징브에나비스타영화(주),,23974765.14,299268508,45.37707931128145,8.011121952063196,B (국내 특화)
모아나 2,Adventure Animation Comedy Family Fantasy Musical,2024,3550048,1985,월트디즈니컴퍼니코리아유한책임회사,,24007537.14,1059242164,160.6093337615109,2.266482392405973,C (글로벌 의존)
미스터 & 미세스 스미스,Action Comedy Crime Thriller,2005,3546900,103,이십세기폭스필름코퍼레이션,110000000.0,21583459.0,487287646,73.88579008102529,4.429305601562491,D (상대적 저성과)
웡카,Adventure Comedy Family Fantasy Musical,2024,3531468,1753,워너브러더스코리아(주),,24858384.47,634502312,96.2074557300745,3.917776814972425,C (글로벌 의존)
코코,Adventure Animation Drama Family Fantasy Music Mystery,2018,3513114,1177,월트디즈니컴퍼니코리아유한책임회사,,25197492.77,814641172,123.52130639846432,3.0930787242361477,C (글로벌 의존)
매트릭스2 리로디드,Action Sci-Fi,2003,3510000,102,워너브러더스코리아(주),150000000.0,14956723.0,741847937,112.4839125209911,2.0161440443555483,C (글로벌 의존)
해리 포터와 불사조 기사단,Action Adventure Family Fantasy Mystery,2007,3475000,204,워너브러더스코리아(주),150000000.0,24765134.0,942871730,142.96447547556573,2.6265644850758227,C (글로벌 의존)
아일랜드,Action Sci-Fi Thriller,2005,3433900,110,워너브러더스코리아(주),126000000.0,21613170.0,162949164,24.707434764686326,13.26375015952828,B (국내 특화)
비긴 어게인,Comedy Drama Music Romance,2014,3428309,213,판씨네마(주),,25735134.89,84862071,12.867350968604413,30.32583884265563,B (국내 특화)
토이 스토리 4,Adventure Animation Comedy Family Fantasy,2019,3399913,1336,월트디즈니컴퍼니코리아유한책임회사,200000000.0,24670343.52,1073841394,162.82296600107028,2.2973917431236592,C (글로벌 의존)
어바웃 타임,Comedy Drama Fantasy Romance Sci-Fi,2013,3392251,568,유니버설픽쳐스인터내셔널코리아(유),,22814265.69,87100748,13.206794047531185,26.192961844598624,B (국내 특화)
다이 하드 4 : 죽어도 산다,Action Thriller,2007,3380800,136,이십세기폭스필름코퍼레이션,110000000.0,21672512.0,388156011,58.85479302184924,5.583453916935476,B (국내 특화)
맨 인 블랙 3,Action Adventure Comedy Sci-Fi,2012,3379762,770,한국소니픽쳐스릴리징브에나비스타영화(주),225000000.0,20023998.0,654213485,99.19619472742797,3.0607742669810603,C (글로벌 의존)
다빈치 코드,Mystery Thriller,2006,3339082,139,소니픽쳐스릴리징코리아,125000000.0,21959009.0,760200455,115.26664322130159,2.88858140712373,C (글로벌 의존)
슈퍼배드 3,Adventure Animation Comedy Crime Family Sci-Fi,2017,3324861,1057,유니버설픽쳐스인터내셔널코리아(유),80000000.0,22012241.0,1034800131,156.90327034246928,2.127197353437521,C (글로벌 의존)
데드풀,Action Comedy Sci-Fi,2016,3317196,1036,월트디즈니컴퍼니코리아유한책임회사 이십세기폭스코리아(주),58000000.0,23862147.0,782837347,118.698999169843,3.0481615486850298,C (글로벌 의존)
슈렉2,Adventure Animation Comedy Family Fantasy Romance,2004,3300533,85,씨제이엔터테인먼트,150000000.0,18123377.0,932530034,141.39639882513126,1.9434630885035924,C (글로벌 의존)
스타워즈: 깨어난 포스,Action Adventure Fantasy Sci-Fi,2015,3273879,940,월트디즈니컴퍼니코리아(주),245000000.0,25070778.0,2071310218,314.06581557339695,1.2103825772755397,C (글로벌 의존)
분노의 질주: 더 세븐,Action Thriller,2015,3247955,983,유니버설픽쳐스인터내셔널코리아(유),190000000.0,23391042.0,1515342457,229.76629019395887,1.5436142432324127,C (글로벌 의존)
터미네이터 제니시스,Action Adventure Sci-Fi Thriller,2015,3240370,1113,롯데쇼핑(주)롯데엔터테인먼트,155000000.0,23481776.0,440603537,66.80723533824057,5.329456989810774,B (국내 특화)
오펜하이머,Biography Drama History,2023,3232774,1636,유니버설픽쳐스인터내셔널코리아(유),,25212307.0,975811333,147.95899690985286,2.5837276271928684,C (글로벌 의존)
그래비티,Drama Sci-Fi Thriller,2013,3227452,636,(주)스튜디오디에이치엘 주식회사해리슨앤컴퍼니 워너브러더스코리아(주),100000000.0,28617779.0,723753370,109.7402940649446,3.9540788597640657,C (글로벌 의존)
우주전쟁,Action Adventure Sci-Fi,2005,3223000,123,UIP코리아,132000000.0,19311883.0,603873504,91.56331238497515,3.198001381428386,C (글로벌 의존)
캐리비안의 해적: 낯선 조류,Action Adventure Fantasy,2011,3130046,960,한국소니픽쳐스릴리징브에나비스타영화(주),250000000.0,24796364.0,1046721266,158.71083202675948,2.3689557865541637,C (글로벌 의존)
나우 유 씨 미 2,Action Adventure Comedy Crime Mystery Thriller,2016,3100113,1200,롯데쇼핑(주)롯데엔터테인먼트,,21718598.0,334897606,50.7793998445713,6.4851457910989065,B (국내 특화)
이터널스,Action Adventure Fantasy Sci-Fi,2021,3050415,2648,월트디즈니컴퍼니코리아유한책임회사,,27437834.0,402064899,60.96375102122461,6.8242301350459345,B (국내 특화)
캐리비안의 해적: 죽은 자는 말이 없다,Action Adventure Fantasy,2017,3049894,1357,월트디즈니컴퍼니코리아유한책임회사,230000000.0,22701694.0,795922298,120.68302636762364,2.8522500320753674,C (글로벌 의존)
토르: 다크 월드,Action Adventure Fantasy Sci-Fi,2013,3039889,733,소니픽쳐스릴리징월트디즈니스튜디오스코리아(주),170000000.0,20475030.0,644783140,97.76630316998502,3.175490910013559,C (글로벌 의존)
인크레더블 2,Action Adventure Animation Comedy Family Sci-Fi Thriller,2018,3033052,1605,월트디즈니컴퍼니코리아유한책임회사,,22319193.0,1243225667,188.50613474264983,1.7952648173567671,C (글로벌 의존)
미키 17,Adventure Comedy Fantasy Sci-Fi,2025,3013500,2153,워너브러더스코리아(주),,20908953.0,133047147,20.173492299292384,15.715446344745747,B (국내 특화)
투모로우,Action Adventure Sci-Fi Thriller,2004,3006400,67,이십세기폭스필름코퍼레이션,125000000.0,16099393.0,552639571,83.79488310149745,2.913181365364081,D (상대적 저성과)
레드: 더 레전드,Action Comedy Crime Thriller,2013,3004647,739,롯데쇼핑(주)롯데엔터테인먼트,84000000.0,19552937.0,148075565,22.452200874633327,13.204701937149455,B (국내 특화)
해리 포터와 혼혈 왕자,Action Adventure Family Fantasy Mystery,2009,3002669,751,워너브러더스코리아(주),250000000.0,17796035.0,941056063,142.68917198301824,1.8910706492095573,C (글로벌 의존)
드래곤 길들이기 2,Action Adventure Animation Comedy Family Fantasy,2014,3000056,829,(주)씨제이이엔엠,145000000.0,21203356.0,621537519,94.24164768649864,3.411436212911871,C (글로벌 의존)
황금 나침반,Adventure Family Fantasy,2007,2979838,110,롯데쇼핑(주)롯데엔터테인먼트,180000000.0,22500000.0,372234864,56.44072294486817,6.04457082773418,B (국내 특화)
블랙 위도우,Action Adventure Sci-Fi,2021,2961902,2528,월트디즈니컴퍼니코리아유한책임회사,,25935750.0,379751655,57.58046873253162,6.829660821359686,B (국내 특화)
서치,Drama Mystery Thriller,2018,2949944,816,소니픽쳐스엔터테인먼트코리아주식회사극장배급지점,,22981534.0,75462037,11.442055366346315,30.454431014100507,B (국내 특화)
엑스맨: 아포칼립스,Action Adventure Sci-Fi,2016,2938818,1262,이십세기폭스코리아(주),178000000.0,21157574.0,543934105,82.47490251361793,3.8897310915997814,D (상대적 저성과)
300,Action Drama,2007,2929400,102,워너브러더스코리아(주),65000000.0,19902209.0,456082343,69.15423473420087,4.363731529067329,D (상대적 저성과)
솔트,Action Thriller,2010,2921331,556,한국소니픽쳐스릴리징브에나비스타영화(주),110000000.0,19741786.0,293503354,44.50292836219545,6.7262556733849115,B (국내 특화)
원티드,Action Crime Thriller,2008,2867594,446,유니버설픽쳐스인터내셔널코리아(유),75000000.0,17028849.0,342463063,51.92652469445724,4.972462971868006,D (상대적 저성과)
슈렉3,Adventure Animation Comedy Family Fantasy Romance,2007,2844159,120,씨제이엔터테인먼트,160000000.0,19245701.0,808308862,122.56115948887496,2.380983545371546,C (글로벌 의존)
앤트맨,Action Comedy Sci-Fi,2015,2841699,949,월트디즈니컴퍼니코리아(주),130000000.0,20804140.0,519311965,78.74153007473281,4.006096797711949,D (상대적 저성과)
쥬라기 월드: 도미니언,Action Adventure Sci-Fi Thriller,2022,2837410,2218,유니버설픽쳐스인터내셔널코리아(유),,25851781.0,1001978080,151.9265729233545,2.580074506220735,C (글로벌 의존)
호빗: 다섯 군대 전투,Adventure Fantasy,2014,2836774,926,워너브러더스코리아(주),,21458497.0,962253946,145.90333582722153,2.2300243183414286,C (글로벌 의존)
호빗: 뜻밖의 여정,Adventure Fantasy,2012,2818993,1028,워너브러더스코리아(주),,17189477.0,1017107150,154.22054302359618,1.6900360006317918,C (글로벌 의존)
메이즈 러너,Action Mystery Sci-Fi Thriller,2014,2812427,648,이십세기폭스코리아(주),34000000.0,19001165.0,348319861,52.81457131564117,5.455090888429127,B (국내 특화)
해리 포터와 죽음의 성물1,Adventure Family Fantasy Mystery,2010,2809053,718,워너브러더스코리아(주),,18094550.0,960858478,145.69174569855903,1.8831649420072036,C (글로벌 의존)
빅 히어로,Action Adventure Animation Comedy Crime Family Sci-Fi,2015,2801949,825,월트디즈니컴퍼니코리아(주),165000000.0,19446589.0,657870525,99.75069942701543,2.955990314355549,C (글로벌 의존)
덩케르크,Action Drama History Thriller War,2017,2792705,1252,워너브러더스코리아(주),100000000.0,22339271.0,533696799,80.9226541684768,4.185760724414613,D (상대적 저성과)
혹성탈출: 진화의 시작,Action Drama Sci-Fi Thriller,2011,2773794,514,이십세기폭스코리아(주),93000000.0,18751597.0,481800873,73.05384910852578,3.89198070216033,D (상대적 저성과)
메이즈 러너: 스코치 트라이얼,Action Adventure Sci-Fi Thriller,2015,2744413,804,이십세기폭스코리아(주),61000000.0,19096288.0,312296056,47.35240268485715,6.114802807500073,B (국내 특화)
가디언즈 오브 갤럭시 VOL. 2,Action Adventure Comedy Sci-Fi,2017,2735721,1218,월트디즈니컴퍼니코리아유한책임회사,200000000.0,21317524.0,863756903,130.96855982286596,2.4680004207155957,C (글로벌 의존)
핸콕,Action Comedy Drama Fantasy,2008,2723518,602,한국소니픽쳐스릴리징브에나비스타영화(주),150000000.0,15787552.0,629443428,95.4403941303469,2.508176477457796,C (글로벌 의존)
나우 유 씨 미 : 마술사기단,Crime Mystery Thriller,2013,2718227,691,롯데쇼핑(주)롯데엔터테인먼트,75000000.0,17403552.0,351723989,53.330727817620165,4.948070801050764,D (상대적 저성과)
미스 페레그린과 이상한 아이들의 집,Adventure Drama Family Fantasy Thriller,2016,2718158,904,이십세기폭스코리아(주),110000000.0,18886269.0,296482446,44.95463808221585,6.370113730105964,B (국내 특화)
토르: 러브 앤 썬더,Action Adventure Comedy Romance Sci-Fi,2022,2716306,2143,월트디즈니컴퍼니코리아유한책임회사,,26088759.0,760928081,115.37697070925415,3.428544648492214,C (글로벌 의존)
적벽대전 2 : 최후의 결전,Action Adventure Drama History War,2009,2713031,426,(주)쇼박스,,15487509.0,120432178,18.260726894579783,12.859942630947021,B (국내 특화)
지.아이.조 : 전쟁의 서막,Action Adventure Sci-Fi Thriller,2009,2706748,446,씨제이엔터테인먼트,175000000.0,17198283.0,302469017,45.862361747779815,5.685965184328285,B (국내 특화)
타이탄,Action Adventure Fantasy,2010,2685508,694,워너브러더스코리아(주),,20127161.0,493214993,74.78453381026688,4.080808832995067,D (상대적 저성과)
브레이킹 던 part2,Adventure Drama Fantasy Romance,2012,2654817,665,(주)넥스트엔터테인먼트월드(NEW),120000000.0,13869025.0,848593948,128.66945185381633,1.634353512971318,C (글로벌 의존)
미니언즈,Adventure Animation Comedy Crime Family Sci-Fi,2015,2625572,792,유니버설픽쳐스인터내셔널코리아(유),74000000.0,16798188.0,1159457503,175.8046492205299,1.448797213915653,C (글로벌 의존)
트랜스포머: 최후의 기사,Action Adventure Comedy Sci-Fi Thriller,2017,2614601,1739,롯데쇼핑(주)롯데엔터테인먼트,217000000.0,19544393.0,605425157,91.79858432092034,3.2282095935435335,C (글로벌 의존)
제이슨 본,Action Thriller,2016,2611966,827,유니버설픽쳐스인터내셔널코리아(유),120000000.0,18378011.0,415484914,62.9985828486135,4.423267940842733,D (상대적 저성과)
드래곤 길들이기,Action Adventure Comedy Drama Family Fantasy Sci-Fi,2010,2603857,562,유니버설픽쳐스인터내셔널코리아(유) 씨제이엔터테인먼트,165000000.0,24970846.0,494879860,75.03697200500582,5.04584001458455,D (상대적 저성과)
도리를 찾아서,Adventure Animation Comedy Family Fantasy Mystery,2016,2601734,1091,월트디즈니컴퍼니코리아(주),,17902824.0,1029266989,156.06429859414692,1.7393760988481484,C (글로벌 의존)
퍼시픽 림,Action Adventure Sci-Fi,2013,2539114,1005,워너브러더스코리아(주),190000000.0,18613104.0,411002906,62.31899102036207,4.528703745953563,D (상대적 저성과)
정글북,Action Adventure Animation Drama Family Fantasy Musical,2016,2537419,924,월트디즈니컴퍼니코리아(주),175000000.0,18606362.0,967724775,146.73285926452039,1.9226915007937044,C (글로벌 의존)
엑스맨: 퍼스트 클래스,Action Sci-Fi,2011,2533852,587,이십세기폭스코리아(주),160000000.0,17338717.0,352616690,53.46608507371428,4.917157211134844,D (상대적 저성과)
해리포터와 아즈카반의 죄수,Adventure Family Fantasy Mystery,2004,2532000,91,워너브러더스코리아(주),130000000.0,13058217.845742468,808481128,122.58727960420843,1.615154317583832,C (글로벌 의존)
패션 오브 크라이스트,Drama,2004,2523700,56,길갈 (주)라이크콘텐츠 (주)이수C&E 이십세기폭스필름코퍼레이션,30000000.0,3919374.0,610063438,92.50187129959906,0.6424535148097172,C (글로벌 의존)
마이펫의 이중생활,Adventure Animation Comedy Family,2016,2520510,726,유니버설픽쳐스인터내셔널코리아(유),75000000.0,16780206.0,875698161,132.77917269009913,1.9162088887839974,C (글로벌 의존)
"나니아 연대기-사자,마녀 그리고 옷장",Adventure Family Fantasy,2005,2505133,80,브에나비스타인터내셔널코리아,180000000.0,13983100.0,745013115,112.96383783655529,1.8768931336195336,C (글로벌 의존)
터미네이터 3,Action Sci-Fi,2003,2491354,88,(주)시네마서비스,200000000.0,13320908.60143658,433371112,65.71060701262371,3.0737878535467726,D (상대적 저성과)
보스 베이비,Adventure Animation Comedy Family Fantasy,2017,2451919,1116,(주)씨제이이엔엠,,17210258.0,527965936,80.05370264861595,3.2597288625075236,D (상대적 저성과)
신비한 동물들과 그린델왈드의 범죄,Adventure Family Fantasy,2018,2414062,1601,워너브러더스코리아(주),200000000.0,18921414.0,655755901,99.43006608806907,2.885435566976316,C (글로벌 의존)
터미네이터: 다크 페이트,Action Adventure Sci-Fi,2019,2410227,1315,월트디즈니컴퍼니코리아유한책임회사,185000000.0,14791367.0,261119292,39.59264174494985,5.66460137307664,B (국내 특화)
슈퍼 마리오 브라더스,Adventure Animation Comedy Family Fantasy,2023,2394076,1526,유니버설픽쳐스인터내셔널코리아(유),,17271151.0,1360847665,206.3407634767811,1.2691465359570573,C (글로벌 의존)
테이큰,Action Crime Thriller,2008,2379830,254,(주)스튜디오이쩜영,25000000.0,14122100.0,226837760,34.39464812085549,6.225638976509026,B (국내 특화)
007 스카이폴,Action Adventure Thriller,2012,2376145,748,소니픽쳐스릴리징월트디즈니스튜디오스코리아(주),200000000.0,12825803.0,1108594137,168.0924077673773,1.1569430661710238,C (글로벌 의존)
스파이더맨 2,Action Adventure Sci-Fi,2004,2367704,72,한국소니픽쳐스릴리징브에나비스타영화(주),200000000.0,13037416.0,784561571,118.96043746724787,1.6617454234194196,C (글로벌 의존)
미션 임파서블: 파이널 레코닝,Action Adventure Thriller,2025,2334727,2385,롯데컬처웍스(주)롯데엔터테인먼트,,16234559.0,584077375,88.56169179451409,2.7795219768613704,C (글로벌 의존)
스파이,Action Comedy,2015,2318748,665,이십세기폭스코리아(주),65000000.0,16285103.0,235666219,35.73327772447351,6.910240707854697,B (국내 특화)
모아나,Adventure Animation Comedy Family Fantasy Musical,2017,2310054,953,월트디즈니컴퍼니코리아유한책임회사,,16411306.0,643332467,97.54634249247954,2.5509836424904075,C (글로벌 의존)
테이큰 2,Action Crime Thriller,2012,2308596,682,이십세기폭스코리아(주),45000000.0,12894662.0,376152455,57.034734117992215,3.428041430701283,D (상대적 저성과)
메이즈 러너: 데스 큐어,Action Adventure Sci-Fi Thriller,2018,2299732,1090,이십세기폭스코리아(주),62000000.0,17181931.0,288175335,43.69505872582524,5.962318392030324,B (국내 특화)
맘마미아!2,Comedy Musical Romance,2018,2293836,750,유니버설픽쳐스인터내셔널코리아(유),75000000.0,17822208.0,395607854,59.98469096228411,4.50501875020914,D (상대적 저성과)
분노의 질주: 더 얼티메이트,Action Crime Thriller,2021,2292415,2297,유니버설픽쳐스인터내셔널코리아(유),,19075159.0,726229501,110.11574149682782,2.626602055374228,C (글로벌 의존)
호빗: 스마우그의 폐허,Adventure Fantasy,2013,2282744,811,워너브러더스코리아(주),,16225470.0,959079095,145.42194382713677,1.6917760051896449,C (글로벌 의존)
나잇&데이,Action Adventure Comedy,2010,2282191,501,이십세기폭스코리아(주),117000000.0,15501620.0,261989769,39.724629250523435,5.916879906863844,B (국내 특화)
미니언즈2,Adventure Animation Comedy Crime Family Sci-Fi,2022,2269024,1394,유니버설픽쳐스인터내셔널코리아(유),,19452280.0,940482695,142.60223411780674,2.06832939121756,C (글로벌 의존)
컨저링,Horror Mystery Thriller,2013,2262758,553,워너브러더스코리아(주),20000000.0,14864407.0,320415166,48.58347608068207,4.6391084372079945,D (상대적 저성과)
슈렉 포에버,Adventure Animation Comedy Family Fantasy Romance,2010,2261356,561,씨제이엔터테인먼트,165000000.0,21068686.0,752600867,114.11434320245343,2.799450136695099,C (글로벌 의존)
이글 아이,Action Mystery Thriller,2008,2258369,330,씨제이엔터테인먼트,80000000.0,12889312.0,178767383,27.105898214526558,7.210102751238463,B (국내 특화)
배트맨 대 슈퍼맨: 저스티스의 시작,Action Adventure Sci-Fi,2016,2256913,1709,워너브러더스코리아(주),250000000.0,16348379.0,874362803,132.57669683896495,1.869747768764587,C (글로벌 의존)
레디 플레이어 원,Action Adventure Sci-Fi,2018,2254430,1079,워너브러더스코리아(주),175000000.0,18118372.0,607874422,92.16995815140486,2.9806110183724757,C (글로벌 의존)
위키드,Fantasy Musical Romance,2024,2244536,1803,유니버설픽쳐스인터내셔널코리아(유),,16259458.0,756226570,114.66409637792003,2.150077588519536,C (글로벌 의존)
배틀쉽,Action Adventure Sci-Fi Thriller,2012,2241687,736,유니버설픽쳐스인터내셔널코리아(유),209000000.0,12135423.0,303025485,45.94673712271966,4.004753263574514,D (상대적 저성과)
매트릭스3 레볼루션,Action Sci-Fi,2003,2240000,112,워너브러더스코리아(주),150000000.0,11976955.208781224,427344325,64.79678552997309,2.802647539260343,D (상대적 저성과)
셜록홈즈 : 그림자 게임,Action Adventure Mystery,2011,2239156,370,워너브러더스코리아(주),,15153172.0,543848418,82.46191008143411,2.7862859389617642,D (상대적 저성과)
어거스트 러쉬,Drama Music,2007,2218573,68,(주)영화사그램 씨제이엔터테인먼트 워너브러더스코리아(주),,12979486.0,66122026,10.025860850098582,19.62959513672494,B (국내 특화)
나는 전설이다,Drama Horror Sci-Fi Thriller,2007,2215883,127,워너브러더스코리아(주),150000000.0,17202365.0,585410052,88.7637611346176,2.938515480086085,C (글로벌 의존)
포세이돈,Action Adventure Thriller,2006,2214600,89,워너브러더스코리아(주),160000000.0,14093621.0,181674817,27.546742672541885,7.757608474706761,B (국내 특화)
셜록 홈즈,Action Adventure Mystery,2009,2207751,377,워너브러더스코리아(주),90000000.0,14014763.0,524028679,79.45670958592491,2.6744267177789327,D (상대적 저성과)
007 퀀텀 오브 솔러스,Action Adventure Mystery Thriller,2008,2201300,518,한국소니픽쳐스릴리징브에나비스타영화(주),200000000.0,12703204.0,589593688,89.39811181805648,2.154569198848004,C (글로벌 의존)
이상한 나라의 앨리스,Adventure Family Fantasy Mystery,2010,2182365,401,한국소니픽쳐스릴리징브에나비스타영화(주),200000000.0,18779996.0,1025468216,155.48830339552566,1.8313581744399965,C (글로벌 의존)
맨 오브 스틸,Action Adventure Sci-Fi,2013,2182227,998,워너브러더스코리아(주),225000000.0,15536798.0,670145518,101.61191541204794,2.3184215342316143,C (글로벌 의존)
로건,Action Drama Sci-Fi Thriller,2017,2169109,954,월트디즈니컴퍼니코리아유한책임회사 이십세기폭스코리아(주),97000000.0,16716714.0,619180476,93.88425716831188,2.6998128409979127,C (글로벌 의존)
원더 우먼,Action Adventure Fantasy Sci-Fi War,2017,2165401,1034,워너브러더스코리아(주),149000000.0,15878226.0,823970682,124.93590868333084,1.9270377389471243,C (글로벌 의존)
극장판 귀멸의 칼날: 무한열차편,Action Adventure Animation Fantasy Thriller,2021,2151861,380,(주)넥스트엔터테인먼트월드(NEW) 워터홀컴퍼니(주),,17861441.0,485541995,73.62110287953459,3.67866038034465,D (상대적 저성과)
겟 아웃,Horror Mystery Thriller,2017,2138146,945,유니버설픽쳐스인터내셔널코리아(유),4500000.0,15844577.0,255751443,38.778732819377296,6.195303070098416,B (국내 특화)
베놈 2: 렛 데어 비 카니지,Action Sci-Fi Thriller,2021,2123652,1998,소니픽쳐스엔터테인먼트코리아주식회사극장배급지점,,18259553.0,506813864,76.84648497256855,3.6028124518708906,D (상대적 저성과)
블랙 팬서: 와칸다 포에버,Action Adventure Drama Sci-Fi,2022,2105831,2571,월트디즈니컴퍼니코리아유한책임회사,,19633906.0,859208836,130.27895169018524,2.2851145352979123,C (글로벌 의존)
이클립스,Action Adventure Drama Fantasy Mystery Romance Thriller,2010,2105050,535,(주)넥스트엔터테인먼트월드(NEW),68000000.0,13809393.0,698513085,105.91319437464125,1.9769698372937423,C (글로벌 의존)
엑스맨 : 최후의 전쟁,Action Adventure Sci-Fi,2006,2096180,112,이십세기폭스코리아(주),210000000.0,12406569.0,460435291,69.81425762786893,2.6945304242545562,D (상대적 저성과)
논스톱,Action Mystery Thriller,2014,2084457,582,(주)넥스트엔터테인먼트월드(NEW),50000000.0,14205911.0,222809600,33.78387174140921,6.375807415838456,B (국내 특화)
장화신은 고양이,Action Adventure Animation Comedy Family Fantasy,2012,2080154,593,(주)씨제이이엔엠,130000000.0,12909397.0,554987477,84.15088820704445,2.3260699628362964,D (상대적 저성과)
인투 더 스톰,Action Adventure Drama Thriller,2014,2078492,585,워너브러더스코리아(주),50000000.0,14285274.0,161515959,24.490122701385882,8.844496908197165,B (국내 특화)
본 얼티메이텀,Action Mystery Thriller,2007,2052800,69,유니버설픽쳐스인터내셔널코리아(유),110000000.0,9280901.0,442824138,67.14393761396317,2.0958435197134624,D (상대적 저성과)
혹성탈출: 종의 전쟁,Action Adventure Drama Sci-Fi Thriller,2017,2051315,1017,이십세기폭스코리아(주),150000000.0,15320029.0,490719763,74.40619046112342,3.1219506845091134,D (상대적 저성과)
소울,Adventure Animation Comedy Drama Family Fantasy Music,2021,2048137,2018,월트디즈니컴퍼니코리아유한책임회사,,16458991.0,121977511,18.495040550139358,13.493463561492085,B (국내 특화)
노아,Action Adventure Drama,2014,2026574,952,(주)씨제이이엔엠,125000000.0,13717745.0,359200044,54.46429694234244,3.8189708573643717,D (상대적 저성과)
듄: 파트2,Action Adventure Drama Sci-Fi,2024,2016202,1544,워너브러더스코리아(주),,17337998.0,714844358,108.38945048032942,2.425422793922366,C (글로벌 의존)
캐리비안의 해적 : 블랙펄의 저주,Action Adventure Fantasy,2003,2010460,57,월트디즈니코리아(주),140000000.0,10749638.111181384,654264546,99.20393693546114,1.6430109467037182,C (글로벌 의존)
레버넌트: 죽음에서 돌아온 자,Adventure Drama Western,2016,2007657,967,이십세기폭스코리아(주),135000000.0,13931528.0,532950503,80.80949581109397,2.614037874357724,D (상대적 저성과)
오페라의 유령,Drama Musical Romance Thriller,2004,2006880,71,(주)팝엔터테인먼트 (주)드림팩트엔터테인먼트 씨제이엔터테인먼트,70000000.0,8322052.0,154674241,23.45273596669002,5.380373581403254,B (국내 특화)
테이큰 3,Action Crime Thriller,2015,2006561,616,이십세기폭스코리아(주),48000000.0,14237600.0,326479141,49.502936254943464,4.3609524199281084,D (상대적 저성과)
페르시아의 왕자: 시간의 모래,Action Adventure Fantasy,2010,2003533,570,한국소니픽쳐스릴리징브에나비스타영화(주),200000000.0,13377647.0,336365676,51.00199837079015,3.977114180936821,D (상대적 저성과)
박물관이 살아있다 2,Adventure Comedy Family Fantasy,2009,2002526,569,이십세기폭스코리아(주),150000000.0,10887536.0,413106170,62.637901880640634,2.6355297477159443,D (상대적 저성과)
에이리언: 로물루스,Horror Sci-Fi Thriller,2024,2002033,1436,월트디즈니컴퍼니코리아유한책임회사,,14994393.0,350865342,53.200534055236744,4.273546345309876,D (상대적 저성과)
테넷,Action Sci-Fi Thriller,2020,1998987,2228,워너브러더스코리아(주),,16783284.0,365304105,55.38983522222688,4.594332166072976,D (상대적 저성과)
크루엘라,Adventure Comedy Crime Drama,2021,1983397,1184,월트디즈니컴퍼니코리아유한책임회사,,16648115.0,233503234,35.40531156943086,7.129714957181278,B (국내 특화)
데드풀과 울버린,Action Adventure Comedy Sci-Fi,2024,1977010,1948,월트디즈니컴퍼니코리아유한책임회사,,15028073.0,1338073645,202.88761526989822,1.123112547366554,C (글로벌 의존)
루시,Action Sci-Fi Thriller,2014,1974893,641,유니버설픽쳐스인터내셔널코리아(유),40000000.0,14561277.0,469058574,71.12177708332271,3.1043621856915466,D (상대적 저성과)
타이타닉,Drama Romance,1998,1971780,0,월트디즈니컴퍼니코리아유한책임회사 씨네힐 이십세기폭스코리아(주),200000000.0,17287679.0,2264812968,343.40598802382084,0.763315966671911,C (글로벌 의존)
알리타: 배틀 엔젤,Action Adventure Sci-Fi Thriller,2019,1951889,1043,월트디즈니컴퍼니코리아유한책임회사 이십세기폭스코리아(주),170000000.0,13619788.0,404980543,61.405840333981374,3.3630721859148673,D (상대적 저성과)
뉴 문,Adventure Drama Fantasy Romance,2009,1949027,532,(주)넥스트엔터테인먼트월드(NEW),50000000.0,12095846.0,711048123,107.81384011012882,1.701129024708782,C (글로벌 의존)
천사와 악마,Mystery Thriller,2009,1936321,558,한국소니픽쳐스릴리징브에나비스타영화(주),150000000.0,11011751.0,485930816,73.68005850260633,2.2661149771575713,D (상대적 저성과)
애나벨 : 인형의 주인,Horror Mystery Thriller,2017,1934192,1006,워너브러더스코리아(주),15000000.0,14113273.0,306592201,46.48754629737835,4.603272018651251,D (상대적 저성과)
컨저링 2,Horror Mystery Thriller,2016,1928605,635,워너브러더스코리아(주),40000000.0,13627254.0,322811702,48.9468547898924,4.221425033718264,D (상대적 저성과)
존 윅 4,Action Crime Thriller,2023,1924768,1532,(주)레드아이스엔터테인먼트,,14636986.0,447142521,67.79871953270583,3.2734498090822366,D (상대적 저성과)
터보,Adventure Animation Comedy Family Sport,2013,1923748,634,(주)씨제이이엔엠,135000000.0,11919702.0,282570682,42.84524400461437,4.2183081116674375,D (상대적 저성과)
영웅,Action Adventure Drama,2003,1910000,47,(유)조이앤시네마 코리아픽쳐스(주),31000000.0,10738310.0,177395557,26.897892842964783,6.053313950811068,B (국내 특화)
수어사이드 스쿼드,Action Adventure Fantasy Sci-Fi,2016,1898121,823,워너브러더스코리아(주),175000000.0,13725599.0,749200054,113.59868934279694,1.8320339042581009,C (글로벌 의존)
러브 액츄얼리,Comedy Drama Romance,2003,1887000,41,(주)제이앤씨미디어그룹 와이드릴리즈(주) UIP코리아 (유)조이앤시네마,40000000.0,2396419.0,250779876,38.02491080326209,0.9555866436428097,D (상대적 저성과)
퍼시 잭슨과 번개 도둑,Adventure Family Fantasy,2010,1877226,353,이십세기폭스코리아(주),95000000.0,12154920.0,226497209,34.34301151585549,5.36647672334011,B (국내 특화)
지.아이.조 2,Action Adventure Sci-Fi Thriller,2013,1855917,766,(주)씨제이이엔엠,130000000.0,13140860.0,375740705,56.97230184761641,3.497321377517509,D (상대적 저성과)
콘스탄틴,Action Fantasy Horror Mystery,2005,1845000,59,워너브러더스코리아(주),100000000.0,11761004.0,230885289,35.008361356755714,5.093873261020108,D (상대적 저성과)
007 스펙터,Action Adventure Thriller,2015,1820842,1105,유니버설픽쳐스인터내셔널코리아(유),245000000.0,12646122.0,880707597,133.53873665556918,1.4359047251411412,C (글로벌 의존)
캐치 미 이프 유 캔,Biography Crime Drama,2003,1807612,44,씨제이엔터테인먼트,52000000.0,9963084.0,352114312,53.38991118391014,2.8295027099040495,D (상대적 저성과)
작전명 발키리,Drama History Thriller War,2009,1798205,372,이십세기폭스코리아(주),75000000.0,10352399.0,201545517,30.559670213419928,5.13650670781231,D (상대적 저성과)
분노의 질주: 더 맥시멈,Action Thriller,2013,1790457,656,유니버설픽쳐스인터내셔널코리아(유),160000000.0,12001457.0,788683342,119.58540776839945,1.521707935350307,C (글로벌 의존)
저스티스 리그,Action Adventure Fantasy Sci-Fi,2017,1786386,1308,워너브러더스코리아(주),,13297786.0,661326987,100.27479115774452,2.010773227374736,C (글로벌 의존)
"아이, 로봇",Action Mystery Sci-Fi Thriller,2004,1777470,49,이십세기폭스필름코퍼레이션,120000000.0,8835733.0,353133898,53.54450758663846,2.5020914304862343,D (상대적 저성과)
분노의 질주: 라이드 오어 다이,Action Adventure Crime Mystery Thriller,2023,1773424,1731,유니버설픽쳐스인터내셔널코리아(유),,13549697.0,704875015,106.87783246540495,1.9222836264099956,C (글로벌 의존)
쿵푸팬더4,Action Adventure Animation Comedy Family Fantasy Thriller,2024,1771601,2311,유니버설픽쳐스인터내셔널코리아(유),,12127027.0,547946428,83.0832775819144,2.213177489679703,D (상대적 저성과)
벤자민 버튼의 시간은 거꾸로 간다,Drama Fantasy Romance,2009,1767051,313,(주)일레븐엔터테인먼트 워너브러더스코리아(주),150000000.0,10033993.0,335802786,50.91664924954707,2.9880612723683595,D (상대적 저성과)
수퍼맨 리턴즈,Action Adventure Sci-Fi,2006,1764758,96,워너브러더스코리아(주),270000000.0,11800000.0,391081192,59.29832839790309,3.0172762693226116,D (상대적 저성과)
나를 찾아줘,Drama Mystery Thriller,2014,1764233,658,이십세기폭스코리아(주),61000000.0,12394639.0,370890259,56.23684500216347,3.3418615612657545,D (상대적 저성과)
베놈: 라스트 댄스,Action Adventure Sci-Fi Thriller,2024,1764011,1663,소니픽쳐스엔터테인먼트코리아주식회사극장배급지점,,12656686.0,478937618,72.61970336398448,2.6426585685319877,D (상대적 저성과)
걸리버 여행기,Adventure Animation Comedy Family Fantasy Sci-Fi Sport,2011,1762070,513,이십세기폭스코리아(주),112000000.0,14944513.0,237382724,35.9935456158188,6.295535221847063,B (국내 특화)
주먹왕 랄프 2: 인터넷 속으로,Adventure Animation Comedy Family Fantasy Sci-Fi Sport,2019,1758891,1453,월트디즈니컴퍼니코리아유한책임회사,175000000.0,10209048.0,529323962,80.2596155725003,1.928695606642497,D (상대적 저성과)
내셔널 트레져:비밀의 책,Action Adventure Mystery Thriller,2007,1756319,76,한국소니픽쳐스릴리징브에나비스타영화(주),,11982505.0,459242249,69.63336067410161,2.609190471062256,D (상대적 저성과)
이미테이션 게임,Biography Drama Thriller War,2015,1743936,541,메가박스중앙(주)플러스엠엔터테인먼트,,12074555.0,233555708,35.413268025911,5.169882210714371,D (상대적 저성과)
샹치와 텐 링즈의 전설,Action Adventure Fantasy Sci-Fi,2021,1740868,1784,월트디즈니컴퍼니코리아유한책임회사,,15318394.0,432243292,65.53959945178524,3.5439286817202937,D (상대적 저성과)
악마는 프라다를 입는다,Comedy Drama,2006,1730719,66,(주)퍼스트런 글뫼주식회사 이십세기폭스코리아(주),35000000.0,10194648.0,326720785,49.53957592353531,3.1202936782855732,D (상대적 저성과)
씽,Animation Comedy Family Musical,2016,1730688,795,유니버설픽쳐스인터내셔널코리아(유),75000000.0,11470803.0,634338409,96.18260366835888,1.8083097030310835,C (글로벌 의존)
스타워즈 에피소드3 - 시스의복수,Action Adventure Fantasy Sci-Fi,2005,1722800,90,이십세기폭스필름코퍼레이션,113000000.0,10862110.0,905595947,137.3124736231653,1.1994433097876929,C (글로벌 의존)
킬러의 보디가드,Action Comedy Crime Thriller,2017,1721757,482,(주)제이앤씨미디어그룹 TCO(주)더콘텐츠온,30000000.0,12743961.0,183431147,27.813049094956313,6.9475447373177035,B (국내 특화)
언터처블: 1%의 우정,Comedy Drama,2012,1720052,454,(주)넥스트엔터테인먼트월드(NEW),,9339066.0,426590315,64.68245752466389,2.1892353557065634,D (상대적 저성과)
샌 안드레아스,Action Adventure Thriller,2015,1716306,847,워너브러더스코리아(주),110000000.0,12762661.0,474609154,71.9633928970508,2.6890886727397594,D (상대적 저성과)
쥬만지: 새로운 세계,Action Adventure Comedy Fantasy,2018,1711246,791,소니픽쳐스엔터테인먼트코리아주식회사극장배급지점,90000000.0,12576280.0,962544585,145.94740444320152,1.3065659706557904,C (글로벌 의존)
토르: 천둥의 신,Action Fantasy,2011,1694529,496,(주)씨제이이엔엠,150000000.0,14530075.0,449326618,68.12988682944169,3.2337445452652887,D (상대적 저성과)
콩: 스컬 아일랜드,Action Adventure Fantasy Sci-Fi,2017,1689717,984,워너브러더스코리아(주),185000000.0,12716844.0,568652812,86.22291708256593,2.2363107561666293,D (상대적 저성과)
점퍼,Action Adventure Sci-Fi Thriller,2008,1685405,353,이십세기폭스필름코퍼레이션,85000000.0,9726132.0,225132113,34.13602659160308,4.320188652962183,D (상대적 저성과)
23 아이덴티티,Horror Thriller,2017,1675798,952,유니버설픽쳐스인터내셔널코리아(유),9000000.0,12370434.0,278454417,42.22110855976078,4.442534664479752,D (상대적 저성과)
알렉산더,Action Biography Drama History War,2004,1671576,71,(주)시네마서비스,155000000.0,9149343.0,167298192,25.366863281912682,5.468883369642153,B (국내 특화)
마다가스카의 펭귄,Action Adventure Animation Comedy Crime Family Sci-Fi,2014,1661230,615,(주)씨제이이엔엠,132000000.0,11051752.0,373515621,56.63491982965191,2.95884599696568,D (상대적 저성과)
캡틴 아메리카: 브레이브 뉴 월드,Action Adventure Sci-Fi,2025,1654160,1901,월트디즈니컴퍼니코리아유한책임회사,,11523915.0,415101577,62.94045874605357,2.776167482495495,D (상대적 저성과)
아이스 에이지 4: 대륙 이동설,Adventure Animation Comedy Family,2012,1648070,501,이십세기폭스코리아(주),95000000.0,9015292.0,877244782,133.01368164077525,1.0276826018213923,C (글로벌 의존)
반 헬싱,Action Adventure Fantasy Thriller,2004,1631359,43,(주)스튜디오이쩜영,160000000.0,8413365.405455207,300157638,45.511895108632366,2.8029822800828437,D (상대적 저성과)
마다가스카3 : 이번엔 서커스다!,Adventure Animation Comedy Family,2012,1628563,564,(주)씨제이이엔엠,145000000.0,9178944.0,746921274,113.2531655805942,1.228903810818488,C (글로벌 의존)
블랙 스완,Drama Thriller,2011,1623199,294,(주)영화사그램 이십세기폭스코리아(주) 월트디즈니컴퍼니코리아유한책임회사,13000000.0,11347528.0,329398046,49.945520022184006,3.444928753463219,D (상대적 저성과)
분노의 질주: 언리미티드,Action Crime Thriller,2011,1621973,457,유니버설픽쳐스인터내셔널코리아(유),125000000.0,11173709.0,626140012,94.9395082508672,1.784538407681252,C (글로벌 의존)
마다가스카,Adventure Animation Comedy Family,2005,1620031,109,씨제이엔터테인먼트,,9754887.0,542064525,82.19142437385061,1.799580409730742,D (상대적 저성과)
닥터 두리틀,Adventure Comedy Family Fantasy,2020,1607082,1290,유니버설픽쳐스인터내셔널코리아(유),175000000.0,12224773.0,251410631,38.120550066652235,4.862472581758088,D (상대적 저성과)
퓨리오사: 매드맥스 사가,Action Adventure Sci-Fi,2024,1605454,1442,워너브러더스코리아(주),,12094103.0,174375791,26.440015860855087,6.93565484672124,B (국내 특화)
스타트렉 다크니스,Action Adventure Sci-Fi,2013,1605271,607,(주)씨제이이엔엠,190000000.0,11784493.0,467365246,70.86502344268901,2.521473965139462,D (상대적 저성과)
로빈 후드,Action Adventure Drama History,2010,1596574,555,유니버설픽쳐스인터내셔널코리아(유),200000000.0,10676938.0,321669741,48.77370307669112,3.319223613264886,D (상대적 저성과)
라이프 오브 파이,Adventure Drama Fantasy,2013,1593463,392,주식회사해리슨앤컴퍼니 이십세기폭스코리아(주),120000000.0,14425703.0,609016565,92.34313746065521,2.3686881160613424,C (글로벌 의존)
300: 제국의 부활,Action Drama,2014,1593116,720,워너브러더스코리아(주),110000000.0,11844166.0,337580051,51.18612997573883,3.5085503319625957,D (상대적 저성과)
위플래쉬,Drama Music,2015,1589048,436,(주)넥스트엔터테인먼트월드(NEW) 워터홀컴퍼니(주) (주)쇼박스,3300000.0,11191224.0,50360880,7.636051187670998,22.22205807364764,B (국내 특화)
해리포터와 마법사의 돌,Adventure Family Fantasy,2001,1585389,0,워너브러더스코리아(주),125000000.0,2504289.0,1028492855,155.94691925426812,0.2434911421917462,C (글로벌 의존)
지구가 멈추는 날,Adventure Drama Sci-Fi Thriller,2008,1576333,469,이십세기폭스코리아(주),80000000.0,9191558.0,233093859,35.34323941233287,3.943286210727671,D (상대적 저성과)
적벽대전:거대한 전쟁의 시작,Action Adventure Drama History War,2008,1573621,447,(주)쇼박스,,9035731.0,129710514,19.667569837602432,6.966074469491348,B (국내 특화)
미녀삼총사 : 맥시멈 스피드,Action Adventure Comedy Crime,2003,1566696,57,한국소니픽쳐스릴리징브에나비스타영화(주),120000000.0,8376896.347221745,259175788,39.29795475720374,3.2321292092383818,D (상대적 저성과)
슈퍼배드 4,Adventure Animation Comedy Crime Family Sci-Fi,2024,1562001,1178,유니버설픽쳐스인터내셔널코리아(유),,10416369.0,969604368,147.01785564186702,1.074290643047103,C (글로벌 의존)
범블비,Action Adventure Sci-Fi,2018,1561643,1016,롯데컬처웍스(주)롯데엔터테인먼트,135000000.0,11899133.0,467989645,70.95969896713439,2.5426060441999736,D (상대적 저성과)
앤트맨과 와스프: 퀀텀매니아,Action Adventure Comedy Sci-Fi,2023,1551129,2090,월트디즈니컴퍼니코리아유한책임회사,,11989335.0,476071180,72.18507499183758,2.518391262415843,D (상대적 저성과)
듄,Action Adventure Drama Sci-Fi,2021,1549346,1576,워너브러더스코리아(주),,14616410.0,410668018,62.26821307704303,3.559179034974182,D (상대적 저성과)
사랑과 영혼,Drama Fantasy Romance Thriller,1990,1532589,0,(주)제이앤씨미디어그룹 파라마운트픽쳐스,22000000.0,20984341.0,505703557,76.67813284913406,4.149533992698414,D (상대적 저성과)
벼랑 위의 포뇨,Adventure Animation Comedy Family Fantasy,2008,1521842,379,(주)쇼박스,,8441483.0,206468321,31.306098459528247,4.088512445451619,D (상대적 저성과)
오블리비언,Action Adventure Sci-Fi,2013,1515356,634,유니버설픽쳐스인터내셔널코리아(유),120000000.0,10149289.0,286168572,43.39077998825107,3.5466120297794266,D (상대적 저성과)
몬스터 호텔 2,Adventure Animation Comedy Family Fantasy Romance,2015,1515104,686,유니버설픽쳐스인터내셔널코리아(유),80000000.0,9804387.0,475186976,72.05100610733153,2.063269301387587,D (상대적 저성과)
엑소더스: 신들과 왕들,Action Adventure Drama Fantasy,2014,1511845,865,이십세기폭스코리아(주),140000000.0,11006971.0,268175631,40.66257074145586,4.104388962918111,D (상대적 저성과)
드래곤 길들이기 3,Action Adventure Animation Comedy Drama Family Fantasy,2019,1506942,971,유니버설픽쳐스인터내셔널코리아(유),129000000.0,9051084.0,539987993,81.87656679700055,1.676163936482195,D (상대적 저성과)
인디펜던스 데이 : 리써전스,Action Adventure Sci-Fi,2016,1500830,926,이십세기폭스코리아(주),165000000.0,11043080.0,389681935,59.08616375588915,2.833870140785459,D (상대적 저성과)
엑스맨 2,Action Sci-Fi Thriller,2003,1500000,52,이십세기폭스필름코퍼레이션,110000000.0,7360012.0,407711549,61.81993360657384,1.805200764621951,D (상대적 저성과)
토이 스토리 3,Adventure Animation Comedy Family Fantasy,2010,1484843,394,한국소니픽쳐스릴리징브에나비스타영화(주),200000000.0,13231185.0,1067316101,161.83355772697834,1.2396688279698311,C (글로벌 의존)
킹덤 오브 헤븐,Action Adventure Drama History War,2005,1484000,74,이십세기폭스필름코퍼레이션,130000000.0,8720877.0,218366336,33.11015453582551,3.993691133783552,D (상대적 저성과)
나니아 연대기:캐스피언 왕자,Action Adventure Family Fantasy,2008,1478573,551,한국소니픽쳐스릴리징브에나비스타영화(주),225000000.0,8167428.0,419665568,63.63248138140207,1.9461753888753628,D (상대적 저성과)
